company,Opening Date,issue_price,issue_size_cr,sub_qib,sub_hni,sub_retail,Total (x),Listing Date,Open Price on Listing (Rs.),Close Price on Listing (Rs.),listing_gain_pct,year,positive_listing,gmp_pct,sector,market_mood,pe_vs_sector,promoter_holding,revenue_growth_pct,roce_pct,debt_equity,company_age
Gujarat Kidney & Super Speciality Ltd.,22-Dec-2025,114.0,250.80,1.18,4.73,18.31,3.42,30-Dec-2025,120.00,104.54,-8.3,2026,0,-3.4898575409663026,Other,bear,1.2,60,20,15,0.5,10
KSH International Ltd.,16-Dec-2025,384.0,626.35,1.17,0.45,0.93,0.98,23-Dec-2025,370.00,355.00,-7.55,2026,0,-4.944792903513553,Other,bear,1.2,60,20,15,0.5,10
ICICI Prudential Asset Management Co.Ltd.,12-Dec-2025,2165.0,"10,602.65",50.39,21.0,2.42,28.19,19-Dec-2025,"2,600.00","2,585.90",19.44,2026,1,13.607065614302076,Other,bull,1.2,60,20,15,0.5,10
Park Medi World Ltd.,10-Dec-2025,162.0,920.00,5.58,15.51,3.24,6.25,17-Dec-2025,158.80,147.95,-8.67,2026,0,-0.6329104307759241,Other,bear,1.2,60,20,15,0.5,10
Nephrocare Health Services Ltd.,10-Dec-2025,460.0,871.05,11.29,24.73,2.29,10.12,17-Dec-2025,490.00,471.25,2.45,2026,1,0.7675398758299921,Other,neutral,1.2,60,20,15,0.5,10
Corona Remedies Ltd.,08-Dec-2025,1062.0,655.37,117.52,219.49,29.29,101.01,15-Dec-2025,"1,470.00","1,438.40",35.44,2026,1,20.56158912915246,Other,bull,1.2,60,20,15,0.5,10
Wakefit Innovations Ltd.,08-Dec-2025,195.0,"1,288.89",1.82,1.02,3.07,1.82,15-Dec-2025,195.00,192.29,-1.39,2026,0,3.9036384465221743,Other,neutral,1.2,60,20,15,0.5,10
Vidya Wires Ltd.,03-Dec-2025,52.0,300.01,2.74,55.65,29.35,19.99,10-Dec-2025,52.00,53.17,2.25,2026,1,3.652304187458726,Other,neutral,1.2,60,20,15,0.5,10
Aequs Ltd.,03-Dec-2025,124.0,921.81,49.72,82.97,78.08,57.41,10-Dec-2025,140.00,151.29,22.01,2026,1,11.797576842195145,Other,bull,1.2,60,20,15,0.5,10
Meesho Ltd.,03-Dec-2025,111.0,"5,421.20",49.97,39.29,19.12,45.28,10-Dec-2025,162.50,170.09,53.23,2026,1,33.56568013075789,Other,bull,1.2,60,20,15,0.5,10
Sudeep Pharma Ltd.,21-Nov-2025,593.0,895.00,85.68,116.18,15.14,65.56,28-Nov-2025,730.00,774.15,30.55,2026,1,16.939746921562612,Pharma,bull,1.2,60,20,15,0.5,10
Excelsoft Technologies Ltd.,19-Nov-2025,120.0,500.00,20.52,106.72,16.01,31.87,26-Nov-2025,135.00,125.97,4.97,2026,1,1.5848107392892292,Tech,neutral,1.2,60,20,15,0.5,10
Capillary Technologies India Ltd.,14-Nov-2025,577.0,877.50,23.44,69.49,15.4,29.48,21-Nov-2025,571.90,606.50,5.11,2026,1,3.7918868146981026,Tech,neutral,1.2,60,20,15,0.5,10
Fujiyama Power Systems Ltd.,13-Nov-2025,228.0,828.00,2.72,0.88,1.01,1.84,20-Nov-2025,220.00,208.44,-8.58,2026,0,-10.887840733973393,Other,bear,1.2,60,20,15,0.5,10
Tenneco Clean Air India Ltd.,12-Nov-2025,397.0,"3,600.00",70.45,42.65,5.26,43.47,19-Nov-2025,505.00,490.80,23.63,2026,1,9.0032465024609,Other,bull,1.2,60,20,15,0.5,10
PhysicsWallah Ltd.,11-Nov-2025,109.0,"3,480.00",1.75,0.5,1.06,1.49,18-Nov-2025,145.00,155.24,42.42,2026,1,23.765137412277085,Other,bull,1.2,60,20,15,0.5,10
Emmvee Photovoltaic Power Ltd.,11-Nov-2025,217.0,"2,900.00",1.15,0.3,1.11,1.02,18-Nov-2025,217.00,219.40,1.11,2026,1,-2.3724933610032717,Other,neutral,1.2,60,20,15,0.5,10
Pine Labs Ltd.,07-Nov-2025,221.0,"3,900.17",2.2,0.29,1.2,1.81,14-Nov-2025,242.00,250.89,13.52,2026,1,9.054741997785822,Other,bull,1.2,60,20,15,0.5,10
Billionbrains Garage Ventures Ltd.,04-Nov-2025,100.0,"6,632.30",9.41,14.1,9.17,10.09,12-Nov-2025,112.00,131.33,31.33,2026,1,16.073927773436367,Other,bull,1.2,60,20,15,0.5,10
Lenskart Solutions Ltd.,31-Oct-2025,402.0,"7,278.02",16.74,18.28,7.48,16.01,10-Nov-2025,395.00,403.10,0.27,2026,1,-4.074911104005875,Other,neutral,1.2,60,20,15,0.5,10
Studds Accessories Ltd.,30-Oct-2025,585.0,455.49,64.55,76.66,21.55,51.31,07-Nov-2025,565.00,560.30,-4.22,2026,0,1.8649463067646628,Other,neutral,1.2,60,20,15,0.5,10
Orkla India Ltd.,29-Oct-2025,730.0,"1,667.54",47.55,54.25,6.8,34.25,06-Nov-2025,750.10,713.65,-2.24,2026,0,-2.021328901459607,Other,neutral,1.2,60,20,15,0.5,10
Midwest Ltd.,15-Oct-2025,1065.0,451.10,59.13,175.57,24.56,64.34,24-Oct-2025,"1,165.00","1,140.50",7.09,2026,1,4.456584614063771,Other,neutral,1.2,60,20,15,0.5,10
Canara HSBC Life Insurance Co.Ltd.,10-Oct-2025,106.0,"2,517.50",3.44,0.32,0.4,1.9,17-Oct-2025,106.00,111.42,5.11,2026,1,-1.2082445586403705,Other,neutral,1.2,60,20,15,0.5,10
Rubicon Research Ltd.,09-Oct-2025,485.0,"1,377.68",55.39,101.82,36.48,60.38,16-Oct-2025,620.00,628.20,29.53,2026,1,16.08485182642445,Other,bull,1.2,60,20,15,0.5,10
Canara Robeco Asset Management Co.Ltd.,09-Oct-2025,266.0,"1,326.13",10.96,6.4,1.86,7.09,16-Oct-2025,280.25,300.45,12.95,2026,1,8.102767769129597,Other,bull,1.2,60,20,15,0.5,10
LG Electronics India Ltd.,07-Oct-2025,1140.0,"11,607.01",67.21,22.08,3.39,38.03,14-Oct-2025,"1,710.10","1,689.90",48.24,2026,1,25.49101926773309,Other,bull,1.2,60,20,15,0.5,10
Tata Capital Ltd.,06-Oct-2025,326.0,"15,511.87",1.98,1.95,1.06,1.65,13-Oct-2025,330.00,330.50,1.38,2026,1,1.9550940550370157,Other,neutral,1.2,60,20,15,0.5,10
WeWork India Management Ltd.,03-Oct-2025,648.0,"3,000.00",1.33,0.23,0.57,1.09,10-Oct-2025,650.00,628.65,-2.99,2026,0,-3.5959160697564148,Other,neutral,1.2,60,20,15,0.5,10
Advance Agrolife Ltd.,30-Sep-2025,100.0,192.86,11.59,174.55,22.17,39.68,08-Oct-2025,114.00,108.30,8.3,2026,1,4.10491875062017,Other,neutral,1.2,60,20,15,0.5,10
Om Freight Forwarders Ltd.,29-Sep-2025,135.0,122.31,2.91,7.38,2.77,3.58,08-Oct-2025,81.50,85.57,-36.61,2026,0,-23.77111983668819,Other,bear,1.2,60,20,15,0.5,10
Glottis Ltd.,29-Sep-2025,129.0,307.00,1.54,3.06,1.43,1.95,07-Oct-2025,84.00,83.70,-35.12,2026,0,-15.515165446473187,Other,bear,1.2,60,20,15,0.5,10
Fabtech Technologies Ltd.,29-Sep-2025,191.0,230.30,2.02,1.95,2.04,2.01,07-Oct-2025,192.00,182.40,-4.5,2026,0,-2.7404916742138017,Tech,neutral,1.2,60,20,15,0.5,10
Pace Digitek Ltd.,26-Sep-2025,219.0,819.15,1.29,2.94,1.05,1.45,06-Oct-2025,225.00,217.99,-0.46,2026,0,-3.4491327868676995,Other,neutral,1.2,60,20,15,0.5,10
Trualt Bioenergy Ltd.,25-Sep-2025,496.0,839.28,66.53,102.95,11.37,52.69,03-Oct-2025,545.40,530.95,7.05,2026,1,6.697634736309567,Other,neutral,1.2,60,20,15,0.5,10
Jinkushal Industries Ltd.,25-Sep-2025,121.0,116.15,14.64,145.9,46.64,45.54,03-Oct-2025,125.00,121.66,0.55,2026,1,-3.3325309499130666,Other,neutral,1.2,60,20,15,0.5,10
Epack Prefab Technologies Ltd.,24-Sep-2025,204.0,504.00,2.75,3.74,1.7,2.53,01-Oct-2025,183.85,190.66,-6.54,2026,0,-3.2974092149857337,Tech,bear,1.2,60,20,15,0.5,10
BMW Ventures Ltd.,24-Sep-2025,99.0,231.66,1.89,1.08,0.96,1.0,01-Oct-2025,78.00,74.10,-25.15,2026,0,-20.969010371639325,Other,bear,1.2,60,20,15,0.5,10
Jain Resource Recycling Ltd.,24-Sep-2025,232.0,"1,250.00",11.3,5.58,3.72,9.69,01-Oct-2025,265.05,318.06,37.09,2026,1,18.26944185330471,Other,bull,1.2,60,20,15,0.5,10
Anand Rathi Share & Stock Brokers Ltd.,23-Sep-2025,414.0,745.64,19.04,30.04,4.95,15.55,30-Sep-2025,432.00,445.55,7.62,2026,1,5.162583707607371,Other,neutral,1.2,60,20,15,0.5,10
Seshaasai Technologies Ltd.,23-Sep-2025,423.0,813.28,76.26,51.27,9.24,48.93,30-Sep-2025,432.00,411.45,-2.73,2026,0,0.5773997399862312,Tech,neutral,1.2,60,20,15,0.5,10
Jaro Institute of Technology Management & Research Ltd.,23-Sep-2025,890.0,450.00,15.59,37.21,9.01,16.53,30-Sep-2025,890.00,744.25,-16.38,2026,0,-9.313895156430087,Tech,bear,1.2,60,20,15,0.5,10
Solarworld Energy Solutions Ltd.,23-Sep-2025,351.0,490.00,30.27,68.02,50.69,37.97,30-Sep-2025,388.50,323.50,-7.83,2026,0,-5.044944847164721,Other,bear,1.2,60,20,15,0.5,10
Atlanta Electricals Ltd.,22-Sep-2025,754.0,687.85,77.97,55.6,10.54,50.62,29-Sep-2025,857.00,823.35,9.2,2026,1,4.616688913232133,Other,neutral,1.2,60,20,15,0.5,10
Ganesh Consumer Products Ltd.,22-Sep-2025,322.0,408.80,2.39,4.31,1.13,2.23,29-Sep-2025,296.05,294.30,-8.6,2026,0,-9.595565971102282,Other,bear,1.2,60,20,15,0.5,10
GK Energy Ltd.,19-Sep-2025,153.0,464.26,77.69,128.29,21.34,65.56,26-Sep-2025,171.00,167.74,9.63,2026,1,3.6184673748158747,Other,neutral,1.2,60,20,15,0.5,10
Saatvik Green Energy Ltd.,19-Sep-2025,465.0,900.20,5.14,10.53,2.72,5.09,26-Sep-2025,465.00,440.70,-5.23,2026,0,-4.519916312879363,Other,bear,1.2,60,20,15,0.5,10
Ivalue Infosolutions Ltd.,18-Sep-2025,299.0,560.29,1.98,1.18,1.22,1.59,25-Sep-2025,284.95,281.85,-5.74,2026,0,-0.2726333213432528,Tech,bear,1.2,60,20,15,0.5,10
VMS TMT Ltd.,17-Sep-2025,99.0,148.50,48.35,226.19,46.34,82.91,24-Sep-2025,104.90,99.65,0.66,2026,1,1.4268548687053841,Other,neutral,1.2,60,20,15,0.5,10
Euro Pratik Sales Ltd.,16-Sep-2025,247.0,451.31,1.13,1.95,1.23,1.29,23-Sep-2025,272.10,248.38,0.56,2026,1,-4.953120466088201,Other,neutral,1.2,60,20,15,0.5,10
Shringar House of Mangalsutra Ltd.,10-Sep-2025,165.0,400.95,41.17,82.36,26.66,42.24,17-Sep-2025,188.50,184.88,12.05,2026,1,8.202251908184385,Other,bull,1.2,60,20,15,0.5,10
Dev Accelerator Ltd.,10-Sep-2025,61.0,143.35,9.05,87.49,160.88,35.82,17-Sep-2025,61.00,64.05,5.0,2026,1,1.8447531587510504,Other,neutral,1.2,60,20,15,0.5,10
Urban Co.Ltd.,10-Sep-2025,103.0,"1,900.24",59.44,77.52,40.1,60.14,17-Sep-2025,162.25,166.83,61.97,2026,1,35.151233999082116,Other,bull,1.2,60,20,15,0.5,10
Amanta Healthcare Ltd.,01-Sep-2025,126.0,126.00,14.8,209.13,53.59,57.53,09-Sep-2025,135.00,141.75,12.5,2026,1,9.335028866522604,Other,bull,1.2,60,20,15,0.5,10
Anlon Healthcare Ltd.,26-Aug-2025,91.0,121.03,1.05,10.5,45.82,6.95,03-Sep-2025,92.00,91.73,0.8,2026,1,3.572998567487853,Other,neutral,1.2,60,20,15,0.5,10
Vikran Engineering Ltd.,26-Aug-2025,97.0,772.00,8.67,61.68,11.27,17.53,03-Sep-2025,99.00,95.71,-1.33,2026,0,1.9958403573485954,Other,neutral,1.2,60,20,15,0.5,10
Mangal Electrical Industries Ltd.,20-Aug-2025,561.0,400.00,5.13,19.7,4.99,7.27,28-Aug-2025,556.00,535.35,-4.57,2026,0,-5.2596525696679155,Other,neutral,1.2,60,20,15,0.5,10
Shreeji Shipping Global Ltd.,19-Aug-2025,252.0,410.71,44.82,72.62,21.57,40.85,26-Aug-2025,270.00,255.10,1.23,2026,1,-0.1896371275536437,Other,neutral,1.2,60,20,15,0.5,10
Gem Aromatics Ltd.,19-Aug-2025,325.0,451.25,22.14,45.9,10.29,21.55,26-Aug-2025,333.10,319.05,-1.83,2026,0,-0.10420970578930822,Other,neutral,1.2,60,20,15,0.5,10
Vikram Solar Ltd.,19-Aug-2025,332.0,"2,079.37",58.56,52.8,7.77,39.73,26-Aug-2025,338.00,356.40,7.35,2026,1,7.336635381367077,Other,neutral,1.2,60,20,15,0.5,10
Patel Retail Ltd.,19-Aug-2025,255.0,242.66,109.09,107.9,41.68,78.04,26-Aug-2025,300.00,287.70,12.82,2026,1,6.25447728646413,Other,bull,1.2,60,20,15,0.5,10
Regaal Resources Ltd.,12-Aug-2025,102.0,306.00,41.34,355.25,55.61,93.42,20-Aug-2025,141.00,131.58,29.0,2026,1,16.84302307000855,Other,bull,1.2,60,20,15,0.5,10
BlueStone Jewellery & Lifestyle Ltd.,11-Aug-2025,517.0,"1,540.65",2.3,0.56,1.32,1.94,19-Aug-2025,510.00,546.00,5.61,2026,1,0.04699507798191549,Other,neutral,1.2,60,20,15,0.5,10
All Time Plastics Ltd.,07-Aug-2025,275.0,400.60,4.76,13.9,5.23,6.28,14-Aug-2025,311.30,283.30,3.02,2026,1,-1.7766198722420126,Other,neutral,1.2,60,20,15,0.5,10
JSW Cement Ltd.,07-Aug-2025,147.0,"3,600.00",7.3,11.56,1.84,6.03,14-Aug-2025,153.50,146.07,-0.63,2026,0,2.059577467182594,Other,neutral,1.2,60,20,15,0.5,10
Highway Infrastructure Ltd.,05-Aug-2025,70.0,130.00,170.38,471.09,159.72,256.33,12-Aug-2025,115.00,120.75,72.5,2026,1,47.56872008571247,Other,bull,1.2,60,20,15,0.5,10
Sri Lotus Developers & Realty Ltd.,30-Jul-2025,150.0,792.00,70.76,61.53,21.13,51.87,06-Aug-2025,178.00,195.67,30.45,2026,1,18.053969635258998,Other,bull,1.2,60,20,15,0.5,10
M&B Engineering Ltd.,30-Jul-2025,385.0,650.00,15.98,40.18,33.54,21.3,06-Aug-2025,385.00,408.65,6.14,2026,1,6.694598693676072,Other,neutral,1.2,60,20,15,0.5,10
National Securities Depository Ltd.,30-Jul-2025,800.0,"4,010.95",42.15,34.75,7.43,28.84,06-Aug-2025,880.00,936.00,17.0,2026,1,11.284908075142901,Other,bull,1.2,60,20,15,0.5,10
Laxmi India Finance Ltd.,29-Jul-2025,158.0,254.26,1.47,1.82,2.17,1.76,05-Aug-2025,137.52,134.11,-15.12,2026,0,-11.007359263815372,Finance,bear,1.2,60,20,15,0.5,10
Aditya Infotech Ltd.,29-Jul-2025,675.0,"1,300.00",56.7,75.52,52.56,58.82,05-Aug-2025,"1,015.00","1,082.65",60.39,2026,1,37.31818681652524,Tech,bull,1.2,60,20,15,0.5,10
Shanti Gold International Ltd.,25-Jul-2025,199.0,360.11,47.35,151.49,30.42,57.04,01-Aug-2025,227.55,229.38,15.27,2026,1,13.776109699397907,Other,bull,1.2,60,20,15,0.5,10
Brigade Hotel Ventures Ltd.,24-Jul-2025,90.0,759.60,2.9,10.1,6.59,4.26,31-Jul-2025,81.10,85.32,-5.2,2026,0,-3.227478117329855,Other,bear,1.2,60,20,15,0.5,10
Indiqube Spaces Ltd.,23-Jul-2025,237.0,700.00,6.68,8.62,13.41,7.63,30-Jul-2025,216.00,217.97,-8.03,2026,0,-0.12406903255798163,Other,bear,1.2,60,20,15,0.5,10
GNG Electronics Ltd.,23-Jul-2025,237.0,460.43,110.35,237.44,48.2,107.66,30-Jul-2025,355.00,333.39,40.67,2026,1,16.542764687730767,Other,bull,1.2,60,20,15,0.5,10
Anthem Biosciences Ltd.,14-Jul-2025,570.0,"3,395.00",77.87,43.67,5.74,47.37,21-Jul-2025,723.05,730.35,28.13,2026,1,19.343707513125672,Other,bull,1.2,60,20,15,0.5,10
Smartworks Coworking Spaces Ltd.,10-Jul-2025,407.0,582.56,10.59,23.63,3.59,10.03,17-Jul-2025,435.00,445.05,9.35,2026,1,5.8711412047145135,Other,neutral,1.2,60,20,15,0.5,10
Travel Food Services Ltd.,07-Jul-2025,1100.0,"2,000.00",3.83,1.62,0.69,2.4,14-Jul-2025,"1,125.00","1,074.80",-2.29,2026,0,-2.2710220513976034,Other,neutral,1.2,60,20,15,0.5,10
Crizac Ltd.,02-Jul-2025,245.0,860.00,57.16,79.49,10.54,44.19,09-Jul-2025,281.05,307.63,25.56,2026,1,15.611282329606505,Other,bull,1.2,60,20,15,0.5,10
Indogulf Cropsciences Ltd.,26-Jun-2025,111.0,200.00,1.95,50.72,15.33,13.5,03-Jul-2025,111.00,110.35,-0.59,2026,0,-6.316706743802679,Other,neutral,1.2,60,20,15,0.5,10
Sambhv Steel Tubes Ltd.,25-Jun-2025,82.0,540.00,27.26,33.62,8.35,21.49,02-Jul-2025,110.00,97.59,19.01,2026,1,10.746984336487465,Other,bull,1.2,60,20,15,0.5,10
HDB Financial Services Ltd.,25-Jun-2025,740.0,"12,500.00",24.05,10.24,1.43,13.07,02-Jul-2025,835.00,840.95,13.64,2026,1,9.255337714535239,Other,bull,1.2,60,20,15,0.5,10
Globe Civil Projects Ltd.,24-Jun-2025,71.0,119.00,40.66,142.1,52.61,60.06,01-Jul-2025,90.00,94.46,33.04,2026,1,24.257682134224545,Other,bull,1.2,60,20,15,0.5,10
Ellenbarrie Industrial Gases Ltd.,24-Jun-2025,400.0,852.53,25.92,15.54,2.14,16.04,01-Jul-2025,486.00,534.60,33.65,2026,1,18.635189345179057,Other,bull,1.2,60,20,15,0.5,10
Kalpataru Ltd.,24-Jun-2025,414.0,"1,590.00",1.93,1.39,1.35,1.78,01-Jul-2025,414.00,432.95,4.58,2026,1,0.32251919132043705,Other,neutral,1.2,60,20,15,0.5,10
Arisinfra Solutions Ltd.,18-Jun-2025,222.0,499.60,1.2,3.07,5.98,1.96,25-Jun-2025,205.00,174.38,-21.45,2026,0,-14.375271130753609,Other,bear,1.2,60,20,15,0.5,10
Oswal Pumps Ltd.,13-Jun-2025,614.0,"1,387.34",35.89,38.19,3.59,24.93,20-Jun-2025,634.00,625.35,1.85,2026,1,3.8562063531062227,Other,neutral,1.2,60,20,15,0.5,10
Scoda Tubes Ltd.,28-May-2025,140.0,220.00,30.23,122.2,20.23,40.52,04-Jun-2025,140.00,147.00,5.0,2026,1,3.9862533289790534,Other,neutral,1.2,60,20,15,0.5,10
Prostarm Info Systems Ltd.,27-May-2025,105.0,168.00,41.8,222.75,38.12,67.65,03-Jun-2025,120.00,126.00,20.0,2026,1,10.410719388698883,Tech,bull,1.2,60,20,15,0.5,10
Aegis Vopak Terminals Ltd.,26-May-2025,235.0,"2,800.00",1.97,0.64,0.78,1.66,02-Jun-2025,220.00,242.00,2.98,2026,1,3.3278022993400684,Other,neutral,1.2,60,20,15,0.5,10
Schloss Bangalore Ltd.,26-May-2025,435.0,"3,500.00",3.74,1.06,0.83,3.05,02-Jun-2025,406.00,435.55,0.13,2026,1,0.3692326480441212,Other,neutral,1.2,60,20,15,0.5,10
Belrise Industries Ltd.,21-May-2025,90.0,"2,150.00",0.98,40.78,4.4,8.15,28-May-2025,100.00,97.41,8.23,2026,1,7.843934971598667,Other,neutral,1.2,60,20,15,0.5,10
Borana Weaves Ltd.,20-May-2025,216.0,144.89,35.27,237.23,192.74,81.31,27-May-2025,243.00,255.15,18.13,2026,1,8.77184071836794,Other,bull,1.2,60,20,15,0.5,10
Ather Energy Ltd.,28-Apr-2025,321.0,"2,980.76",1.3,0.68,1.76,1.26,06-May-2025,328.00,302.30,-5.83,2026,0,-4.480986439793305,Other,bear,1.2,60,20,15,0.5,10
Quality Power Electrical Equipments Ltd.,14-Feb-2025,425.0,858.70,1.01,0.77,1.72,1.05,24-Feb-2025,430.00,387.90,-8.73,2026,0,-6.414324459396473,Other,bear,1.2,60,20,15,0.5,10
Hexaware Technologies Ltd.,12-Feb-2025,708.0,"8,750.00",4.42,0.21,0.1,2.25,19-Feb-2025,745.50,762.55,7.7,2026,1,0.22945515560364438,Tech,neutral,1.2,60,20,15,0.5,10
Ajax Engineering Ltd.,10-Feb-2025,629.0,"1,268.93",6.46,6.41,1.89,4.84,17-Feb-2025,576.00,595.40,-5.34,2026,0,-2.3156391688062716,Other,bear,1.2,60,20,15,0.5,10
Dr.Agarwal's Health Care Ltd.,29-Jan-2025,402.0,"3,027.26",2.48,0.37,0.39,1.39,04-Feb-2025,402.00,401.65,-0.09,2026,0,0.7291658165396679,Other,neutral,1.2,60,20,15,0.5,10
Denta Water & Infra Solutions Ltd.,22-Jan-2025,294.0,220.50,94.71,505.15,89.36,154.4,29-Jan-2025,325.00,341.25,16.07,2026,1,9.657340369927383,Other,bull,1.2,60,20,15,0.5,10
Stallion India Fluorochemicals Ltd.,16-Jan-2025,90.0,199.45,69.58,424.11,94.51,131.49,23-Jan-2025,120.00,126.00,40.0,2026,1,23.296238599874556,Other,bull,1.2,60,20,15,0.5,10
Laxmi Dental Ltd.,13-Jan-2025,428.0,698.06,44.6,147.44,75.35,63.1,20-Jan-2025,542.00,550.55,28.63,2026,1,12.931887773848754,Other,bull,1.2,60,20,15,0.5,10
Quadrant Future Tek Ltd.,07-Jan-2025,290.0,290.00,56.72,265.68,256.63,108.05,14-Jan-2025,370.00,444.00,53.1,2026,1,30.598064031703924,Other,bull,1.2,60,20,15,0.5,10
Standard Glass Lining Technology Ltd.,06-Jan-2025,140.0,410.05,131.6,273.52,65.72,129.83,13-Jan-2025,176.00,163.35,16.68,2026,1,8.97985645041969,Tech,bull,1.2,60,20,15,0.5,10
Powerica Ltd.,24-Mar-2026,395.0,"1,100.00",2.53,0.45,0.15,1.38,02-Apr-2026,366.00,390.00,-1.27,2025,0,-3.1688318076648567,Other,neutral,1.2,60,20,15,0.5,10
Sai Parenteral's Ltd.,24-Mar-2026,392.0,408.79,1.34,2.46,0.12,1.08,02-Apr-2026,400.00,405.70,3.49,2025,1,1.6101428650019725,Other,neutral,1.2,60,20,15,0.5,10
Amir Chand Jagdish Kumar (Exports) Ltd.,24-Mar-2026,212.0,440.00,1.11,13.35,1.41,3.05,02-Apr-2026,200.00,180.00,-15.09,2025,0,-7.841847429556385,Other,bear,1.2,60,20,15,0.5,10
Central Mine Planning & Design Institute Ltd.,20-Mar-2026,172.0,"1,841.45",2.02,0.33,0.31,1.03,30-Mar-2026,160.00,154.06,-10.43,2025,0,-0.5994422963684096,Other,bear,1.2,60,20,15,0.5,10
GSP Crop Science Ltd.,16-Mar-2026,320.0,400.00,1.66,3.09,0.4,1.44,24-Mar-2026,328.00,356.25,11.33,2025,1,7.321733438495517,Other,bull,1.2,60,20,15,0.5,10
Innovision Ltd.,10-Mar-2026,519.0,319.25,12.83,8.33,0.59,3.35,23-Mar-2026,467.70,374.20,-27.9,2025,0,-15.967348827831707,Other,bear,1.2,60,20,15,0.5,10
Rajputana Stainless Ltd.,09-Mar-2026,122.0,254.98,2.5,2.45,0.24,1.06,19-Mar-2026,122.00,113.03,-7.35,2025,0,-4.6333377472985005,Other,bear,1.2,60,20,15,0.5,10
SEDEMAC Mechatronics Ltd.,04-Mar-2026,1352.0,"1,087.35",3.99,0.84,0.19,2.19,11-Mar-2026,"1,535.00","1,451.10",7.33,2025,1,-1.358313645897125,Other,neutral,1.2,60,20,15,0.5,10
Omnitech Engineering Ltd.,25-Feb-2026,227.0,583.00,1.9,0.72,0.33,1.18,05-Mar-2026,202.00,204.93,-9.72,2025,0,-5.911541626347651,Tech,bear,1.2,60,20,15,0.5,10
PNGS Reva Diamond Jewellery Ltd.,24-Feb-2026,386.0,379.52,1.22,1.56,1.34,1.29,04-Mar-2026,375.00,411.70,6.66,2025,1,4.17669062982308,Other,neutral,1.2,60,20,15,0.5,10
Shree Ram Twistex Ltd.,23-Feb-2026,104.0,110.24,3.72,208.14,72.84,41.29,02-Mar-2026,68.00,71.40,-31.35,2025,0,-11.42027366254414,Other,bear,1.2,60,20,15,0.5,10
Clean Max Enviro Energy Solutions Ltd.,23-Feb-2026,1053.0,"3,079.88",1.81,0.57,0.06,1.0,02-Mar-2026,960.00,867.50,-17.62,2025,0,-11.149082894343369,Other,bear,1.2,60,20,15,0.5,10
Gaudium IVF & Women Health Ltd.,20-Feb-2026,79.0,165.00,1.23,13.6,7.36,5.23,27-Feb-2026,83.00,80.26,1.59,2025,1,1.8586420270008372,Other,neutral,1.2,60,20,15,0.5,10
Aye Finance Ltd.,09-Feb-2026,129.0,"1,010.00",1.24,0.05,0.77,1.02,16-Feb-2026,129.00,128.91,-0.07,2025,0,-0.14613530911572994,Finance,neutral,1.2,60,20,15,0.5,10
Fractal Analytics Ltd.,09-Feb-2026,900.0,"2,833.90",2.38,1.07,1.01,2.01,16-Feb-2026,876.00,847.15,-5.87,2025,0,-7.028034112858595,Other,bear,1.2,60,20,15,0.5,10
Shadowfax Technologies Ltd.,20-Jan-2026,124.0,"1,907.27",2.22,0.84,2.33,2.02,28-Jan-2026,112.60,109.98,-11.31,2025,0,-3.357531556454939,Tech,bear,1.2,60,20,15,0.5,10
Amagi Media Labs Ltd.,13-Jan-2026,361.0,"1,788.62",13.85,38.3,9.47,17.08,21-Jan-2026,318.00,348.25,-3.53,2025,0,0.1377990980603223,Other,neutral,1.2,60,20,15,0.5,10
Bharat Coking Coal Ltd.,09-Jan-2026,23.0,"1,068.78",124.54,253.2,46.99,107.48,19-Jan-2026,45.00,40.58,76.43,2025,1,48.23109584112915,Other,bull,1.2,60,20,15,0.5,10
Om Power Transmission Ltd.,09-Apr-2026,,150.06,,,,,,,,0.0,2025,0,-2.7281623643842168,Other,neutral,1.2,60,20,15,0.5,10
Indo Farm Equipment Ltd.,31-Dec-2024,215.0,260.15,97.11,498.49,102.57,159.23,07-Jan-2025,256.00,273.69,27.3,2024,1,20.588382932808297,Other,bull,1.2,60,20,15,0.5,10
Unimech Aerospace & Manufacturing Ltd.,23-Dec-2024,785.0,500.00,133.73,275.23,57.86,128.02,31-Dec-2024,"1,460.00","1,376.25",75.32,2024,1,40.98644681162315,Other,bull,1.2,60,20,15,0.5,10
Senores Pharmaceuticals Ltd.,20-Dec-2024,391.0,582.11,40.12,98.1,94.87,54.02,30-Dec-2024,593.70,557.80,42.66,2024,1,27.356571281400807,Pharma,bull,1.2,60,20,15,0.5,10
Ventive Hospitality Ltd.,20-Dec-2024,643.0,"1,600.00",4.43,14.54,6.19,6.12,30-Dec-2024,716.00,704.35,9.54,2024,1,12.295366877429935,Other,neutral,1.2,60,20,15,0.5,10
Carraro India Ltd.,20-Dec-2024,704.0,"1,250.00",1.56,0.59,0.72,1.12,30-Dec-2024,651.00,636.20,-9.63,2024,0,-8.749608975392066,Other,bear,1.2,60,20,15,0.5,10
Transrail Lighting Ltd.,19-Dec-2024,432.0,838.91,79.49,78.1,23.08,58.2,27-Dec-2024,590.00,553.55,28.14,2024,1,15.185106811191684,Other,bull,1.2,60,20,15,0.5,10
DAM Capital Advisors Ltd.,19-Dec-2024,283.0,840.25,67.08,98.1,27.22,57.65,27-Dec-2024,393.00,415.10,46.68,2024,1,28.306954095262924,Other,bull,1.2,60,20,15,0.5,10
Mamata Machinery Ltd.,19-Dec-2024,243.0,179.35,94.92,272.75,139.29,136.48,27-Dec-2024,600.00,630.00,159.26,2024,1,94.0455730376514,Other,bull,1.2,60,20,15,0.5,10
Sanathan Textiles Ltd.,19-Dec-2024,321.0,550.00,32.51,44.26,9.3,26.15,27-Dec-2024,422.30,388.35,20.98,2024,1,7.936009706801601,Other,bull,1.2,60,20,15,0.5,10
Concord Enviro Systems Ltd.,19-Dec-2024,701.0,500.33,7.39,14.4,5.68,7.84,27-Dec-2024,826.00,827.10,17.99,2024,1,10.99968892441808,Other,bull,1.2,60,20,15,0.5,10
International Gemmological Institute (India) Ltd.,13-Dec-2024,417.0,"4,225.00",19.83,25.84,11.48,19.89,20-Dec-2024,510.00,471.15,12.99,2024,1,4.607088858821685,Other,bull,1.2,60,20,15,0.5,10
Inventurus Knowledge Solutions Ltd.,12-Dec-2024,1329.0,"2,497.92",32.84,23.13,14.65,29.46,19-Dec-2024,"1,900.00","1,960.85",47.54,2024,1,29.94477729190554,Other,bull,1.2,60,20,15,0.5,10
One Mobikwik Systems Ltd.,11-Dec-2024,279.0,572.00,50.81,114.38,143.52,69.61,18-Dec-2024,440.00,528.00,89.25,2024,1,50.791727297298586,Other,bull,1.2,60,20,15,0.5,10
Sai Life Sciences Ltd.,11-Dec-2024,549.0,"3,042.62",12.54,4.99,1.36,7.5,18-Dec-2024,650.00,764.65,39.28,2024,1,28.21780321505262,Other,bull,1.2,60,20,15,0.5,10
Vishal Mega Mart Ltd.,11-Dec-2024,78.0,"8,000.00",34.65,14.96,2.44,20.42,18-Dec-2024,104.00,111.93,43.5,2024,1,23.750240122991286,Other,bull,1.2,60,20,15,0.5,10
Suraksha Diagnostic Ltd.,29-Nov-2024,441.0,846.25,1.31,1.39,0.88,1.17,06-Dec-2024,438.00,441.00,0.0,2024,0,-0.9661845486170267,Other,neutral,1.2,60,20,15,0.5,10
Enviro Infra Engineers Ltd.,22-Nov-2024,148.0,650.30,63.5,152.57,23.86,62.85,29-Nov-2024,220.00,207.07,39.91,2024,1,26.386551652109006,Other,bull,1.2,60,20,15,0.5,10
NTPC Green Energy Ltd.,19-Nov-2024,108.0,"10,000.00",2.01,0.84,3.6,1.91,27-Nov-2024,111.50,121.65,12.64,2024,1,3.8914070506981338,Other,bull,1.2,60,20,15,0.5,10
Zinka Logistics Solutions Ltd.,13-Nov-2024,273.0,"1,114.72",1.53,0.23,1.6,1.34,22-Nov-2024,279.05,260.20,-4.69,2024,0,-2.131620196187612,Other,neutral,1.2,60,20,15,0.5,10
Niva Bupa Health Insurance Co.Ltd.,07-Nov-2024,74.0,"2,200.00",1.49,0.7,2.77,1.5,14-Nov-2024,78.50,74.00,0.0,2024,0,3.921428262847284,Other,neutral,1.2,60,20,15,0.5,10
Swiggy Ltd.,06-Nov-2024,390.0,"11,327.43",3.01,0.39,1.06,2.42,13-Nov-2024,420.00,456.00,16.92,2024,1,5.329550296316318,Other,bull,1.2,60,20,15,0.5,10
ACME Solar Holdings Ltd.,06-Nov-2024,289.0,"2,900.00",2.12,0.95,3.12,2.04,13-Nov-2024,251.00,253.15,-12.4,2024,0,-6.8860984244030865,Other,bear,1.2,60,20,15,0.5,10
Sagility India Ltd.,05-Nov-2024,30.0,"2,106.40",2.04,1.88,3.98,2.2,12-Nov-2024,31.06,29.32,-2.27,2024,0,-0.5823516172547294,Other,neutral,1.2,60,20,15,0.5,10
Afcons Infrastructure Ltd.,25-Oct-2024,463.0,"5,430.00",2.19,5.23,0.94,2.2,04-Nov-2024,426.00,474.20,2.42,2024,1,3.79746861533193,Other,neutral,1.2,60,20,15,0.5,10
Godavari Biorefineries Ltd.,23-Oct-2024,352.0,554.75,1.77,0.89,1.68,1.61,30-Oct-2024,308.00,343.20,-2.5,2024,0,-5.210852132634246,Other,neutral,1.2,60,20,15,0.5,10
Deepak Builders & Engineers India Ltd.,21-Oct-2024,203.0,260.04,6.03,81.74,38.95,28.91,28-Oct-2024,200.00,161.95,-20.22,2024,0,-16.09336983925283,Other,bear,1.2,60,20,15,0.5,10
Waaree Energies Ltd.,21-Oct-2024,1503.0,"4,321.44",86.51,64.65,11.06,55.98,28-Oct-2024,"2,500.00","2,338.90",55.62,2024,1,34.93782469685069,Other,bull,1.2,60,20,15,0.5,10
Hyundai Motor India Ltd.,15-Oct-2024,1960.0,"27,858.75",3.4,0.57,0.44,1.93,22-Oct-2024,"1,934.00","1,819.60",-7.16,2024,0,-3.405045980300442,Other,bear,1.2,60,20,15,0.5,10
Garuda Construction & Engineering Ltd.,08-Oct-2024,95.0,264.10,1.13,8.93,10.56,5.6,15-Oct-2024,105.00,106.36,11.96,2024,1,7.92747855103763,Other,bull,1.2,60,20,15,0.5,10
Diffusion Engineers Ltd.,26-Sep-2024,168.0,157.96,38.77,76.42,83.84,59.88,04-Oct-2024,193.50,203.17,20.93,2024,1,13.597344628490927,Other,bull,1.2,60,20,15,0.5,10
KRN Heat Exchanger & Refrigeration Ltd.,25-Sep-2024,220.0,341.95,102.4,428.12,101.07,151.95,03-Oct-2024,480.00,478.79,117.63,2024,1,68.53792583526452,Other,bull,1.2,60,20,15,0.5,10
Manba Finance Ltd.,23-Sep-2024,120.0,150.84,58.0,511.91,139.75,154.7,30-Sep-2024,150.00,157.45,31.21,2024,1,19.42276109148301,Finance,bull,1.2,60,20,15,0.5,10
Western Carriers (India) Ltd.,13-Sep-2024,172.0,492.88,12.01,46.53,27.21,22.51,24-Sep-2024,171.00,159.44,-7.3,2024,0,-3.500782580103956,Other,bear,1.2,60,20,15,0.5,10
Arkade Developers Ltd.,16-Sep-2024,128.0,410.00,69.48,174.23,58.03,80.78,24-Sep-2024,175.00,165.86,29.58,2024,1,15.604945745920894,Other,bull,1.2,60,20,15,0.5,10
Northern Arc Capital Ltd.,16-Sep-2024,263.0,777.00,97.41,149.32,32.85,80.97,24-Sep-2024,350.00,323.40,22.97,2024,1,19.379323533434267,Other,bull,1.2,60,20,15,0.5,10
P N Gadgil Jewellers Ltd.,10-Sep-2024,480.0,"1,100.00",58.18,58.89,17.73,44.13,17-Sep-2024,830.00,793.30,65.27,2024,1,40.58349876273536,Other,bull,1.2,60,20,15,0.5,10
Bajaj Housing Finance Ltd.,09-Sep-2024,70.0,"6,560.00",89.67,42.85,7.54,49.63,16-Sep-2024,150.00,165.00,135.71,2024,1,77.85208950839205,Finance,bull,1.2,60,20,15,0.5,10
Tolins Tyres Ltd.,09-Sep-2024,226.0,230.00,11.43,28.72,22.31,17.83,16-Sep-2024,228.00,239.40,5.93,2024,1,5.5276608259014886,Other,neutral,1.2,60,20,15,0.5,10
Kross Ltd.,09-Sep-2024,240.0,500.00,10.44,23.36,11.48,12.74,16-Sep-2024,240.00,259.81,8.25,2024,1,2.025954989318036,Other,neutral,1.2,60,20,15,0.5,10
Shree Tirupati Balajee Agro Trading Co.Ltd.,05-Sep-2024,83.0,169.65,60.56,209.02,71.62,86.7,12-Sep-2024,90.00,94.50,13.86,2024,1,10.677253811227356,Other,bull,1.2,60,20,15,0.5,10
Gala Precision Engineering Ltd.,02-Sep-2024,529.0,167.93,92.68,425.84,102.38,145.78,09-Sep-2024,721.10,757.15,43.13,2024,1,29.35378673702221,Other,bull,1.2,60,20,15,0.5,10
Baazar Style Retail Ltd.,30-Aug-2024,389.0,834.68,33.32,59.53,9.36,28.83,06-Sep-2024,389.00,400.00,2.83,2024,1,-0.7640469550551314,Other,neutral,1.2,60,20,15,0.5,10
ECOS (India) Mobility & Hospitality Ltd.,28-Aug-2024,334.0,601.20,55.38,70.23,19.31,44.98,04-Sep-2024,390.00,443.15,32.68,2024,1,22.498128387732965,Other,bull,1.2,60,20,15,0.5,10
Premier Energies Ltd.,27-Aug-2024,450.0,"2,830.40",85.49,50.73,7.59,52.82,03-Sep-2024,990.00,839.90,86.64,2024,1,53.2223427808095,Other,bull,1.2,60,20,15,0.5,10
Orient Technologies Ltd.,21-Aug-2024,206.0,214.76,75.42,302.28,66.68,106.39,28-Aug-2024,288.00,302.40,46.8,2024,1,30.54618047998347,Tech,bull,1.2,60,20,15,0.5,10
Interarch Building Products Ltd.,19-Aug-2024,900.0,600.29,79.44,127.48,20.4,65.75,26-Aug-2024,"1,220.00","1,196.45",32.94,2024,1,25.454378947961843,Other,bull,1.2,60,20,15,0.5,10
Saraswati Saree Depot Ltd.,12-Aug-2024,160.0,160.01,63.3,360.72,64.8,108.44,20-Aug-2024,194.00,203.70,27.31,2024,1,15.649835651991388,Other,bull,1.2,60,20,15,0.5,10
Brainbees Solutions Ltd.,06-Aug-2024,465.0,"4,193.73",8.32,4.69,2.38,7.17,13-Aug-2024,651.00,679.10,46.04,2024,1,25.36279150692753,Other,bull,1.2,60,20,15,0.5,10
Unicommerce eSolutions Ltd.,06-Aug-2024,108.0,276.57,55.83,254.2,136.56,93.66,13-Aug-2024,235.00,210.08,94.52,2024,1,54.043456711123426,Other,bull,1.2,60,20,15,0.5,10
Ola Electric Mobility Ltd.,02-Aug-2024,76.0,"6,145.56",2.84,2.2,3.86,2.85,09-Aug-2024,76.00,91.20,20.0,2024,1,9.552569145103686,Other,bull,1.2,60,20,15,0.5,10
Ceigall India Ltd.,01-Aug-2024,401.0,"1,252.66",13.13,14.85,3.89,10.14,08-Aug-2024,419.00,386.75,-3.55,2024,0,-2.361305128242312,Other,neutral,1.2,60,20,15,0.5,10
Akums Drugs & Pharmaceuticals Ltd.,30-Jul-2024,679.0,"1,856.74",36.57,42.15,21.02,35.54,06-Aug-2024,725.00,796.25,17.27,2024,1,11.38545592444993,Pharma,bull,1.2,60,20,15,0.5,10
Sanstar Ltd.,19-Jul-2024,95.0,510.15,58.84,135.23,23.54,57.94,26-Jul-2024,109.00,115.07,21.13,2024,1,13.508072397990055,Other,bull,1.2,60,20,15,0.5,10
Emcure Pharmaceuticals Ltd.,03-Jul-2024,1008.0,"1,952.03",76.95,49.21,7.23,48.13,10-Jul-2024,"1,325.05","1,359.15",34.84,2024,1,23.385549747108072,Pharma,bull,1.2,60,20,15,0.5,10
Bansal Wire Industries Ltd.,03-Jul-2024,256.0,745.00,62.01,54.16,14.16,44.08,10-Jul-2024,356.00,350.35,36.86,2024,1,22.15500567563372,Other,bull,1.2,60,20,15,0.5,10
Vraj Iron & Steel Ltd.,26-Jun-2024,207.0,171.00,69.92,221.52,57.55,88.33,03-Jul-2024,240.00,252.00,21.74,2024,1,17.404602231471948,Other,bull,1.2,60,20,15,0.5,10
Allied Blenders & Distillers Ltd.,25-Jun-2024,281.0,"1,500.00",21.76,34.06,4.73,17.61,02-Jul-2024,320.00,317.90,13.13,2024,1,7.084029500286132,Other,bull,1.2,60,20,15,0.5,10
Stanley Lifestyles Ltd.,21-Jun-2024,369.0,537.02,86.67,121.66,19.27,68.33,28-Jun-2024,494.95,474.75,28.66,2024,1,25.356507499768853,Other,bull,1.2,60,20,15,0.5,10
DEE Development Engineers Ltd.,19-Jun-2024,203.0,418.01,83.87,147.1,24.89,72.53,26-Jun-2024,339.00,335.32,65.18,2024,1,40.985002043295026,Other,bull,1.2,60,20,15,0.5,10
Akme Fintrade (India) Ltd.,19-Jun-2024,120.0,132.00,11.68,130.98,45.75,39.44,26-Jun-2024,127.00,133.35,11.12,2024,1,4.100527330751152,Other,bull,1.2,60,20,15,0.5,10
Le Travenues Technology Ltd.,10-Jun-2024,93.0,740.10,43.1,110.89,54.44,54.4,18-Jun-2024,138.10,165.72,78.19,2024,1,43.701322505816655,Tech,bull,1.2,60,20,15,0.5,10
Kronox Lab Sciences Ltd.,03-Jun-2024,136.0,130.15,35.53,304.26,54.9,82.62,10-Jun-2024,164.95,159.32,17.15,2024,1,11.737417245729555,Other,bull,1.2,60,20,15,0.5,10
Awfis Space Solutions Ltd.,22-May-2024,383.0,598.93,47.18,130.09,53.74,60.05,30-May-2024,435.00,421.75,10.12,2024,1,5.401611644022447,Other,bull,1.2,60,20,15,0.5,10
Go Digit General Insurance Ltd.,15-May-2024,272.0,"2,614.65",5.61,7.23,4.08,5.7,23-May-2024,286.00,306.00,12.5,2024,1,9.642001482276275,Other,bull,1.2,60,20,15,0.5,10
TBO Tek Ltd.,08-May-2024,920.0,"1,550.81",50.73,50.59,25.94,48.14,15-May-2024,"1,426.00","1,406.30",52.86,2024,1,33.135712873720635,Other,bull,1.2,60,20,15,0.5,10
Aadhar Housing Finance Ltd.,08-May-2024,315.0,"3,000.00",31.13,17.31,2.52,19.0,15-May-2024,315.00,329.45,4.59,2024,1,2.5355132620293817,Finance,neutral,1.2,60,20,15,0.5,10
Indegene Ltd.,06-May-2024,452.0,"1,841.76",77.5,56.44,8.25,49.75,13-May-2024,655.00,570.90,26.31,2024,1,13.245618845794784,Other,bull,1.2,60,20,15,0.5,10
JNK India Ltd.,23-Apr-2024,415.0,649.47,31.58,19.92,4.17,20.24,30-Apr-2024,621.00,694.55,67.36,2024,1,35.8714583259424,Other,bull,1.2,60,20,15,0.5,10
Bharti Hexacom Ltd.,03-Apr-2024,570.0,"4,275.00",20.07,10.28,2.74,16.87,12-Apr-2024,755.00,813.30,42.68,2024,1,24.26845514379894,Other,bull,1.2,60,20,15,0.5,10
SRM Contractors Ltd.,26-Mar-2024,210.0,130.20,23.91,214.68,45.86,60.21,03-Apr-2024,215.25,226.00,7.62,2024,1,7.141196382970417,Other,neutral,1.2,60,20,15,0.5,10
Krystal Integrated Services Ltd.,14-Mar-2024,715.0,300.12,3.54,45.38,3.32,9.74,21-Mar-2024,785.00,712.85,-0.3,2024,0,0.46228123239061186,Other,neutral,1.2,60,20,15,0.5,10
Popular Vehicles & Services Ltd.,12-Mar-2024,295.0,601.55,1.52,0.66,1.03,1.22,19-Mar-2024,289.20,276.15,-6.39,2024,0,-7.571216336135963,Other,bear,1.2,60,20,15,0.5,10
Gopal Snacks Ltd.,06-Mar-2024,401.0,650.00,7.99,9.95,4.08,6.88,14-Mar-2024,351.00,362.70,-9.55,2024,0,-5.210457222446454,Other,bear,1.2,60,20,15,0.5,10
J.G.Chemicals Ltd.,05-Mar-2024,221.0,251.19,13.41,47.72,17.59,20.02,13-Mar-2024,209.00,184.80,-16.38,2024,0,-8.672047860813489,Other,bear,1.2,60,20,15,0.5,10
R K SWAMY Ltd.,04-Mar-2024,288.0,423.56,8.85,34.16,33.33,14.81,12-Mar-2024,250.00,262.60,-8.82,2024,0,-7.9435723086033985,Other,bear,1.2,60,20,15,0.5,10
Mukka Proteins Ltd.,29-Feb-2024,28.0,224.00,76.64,246.54,57.27,95.35,07-Mar-2024,40.00,42.25,50.89,2024,1,30.995175317836583,Other,bull,1.2,60,20,15,0.5,10
Platinum Industries Ltd.,27-Feb-2024,171.0,235.32,61.19,141.66,50.17,69.4,05-Mar-2024,225.00,221.20,29.36,2024,1,17.790626155338,Other,bull,1.2,60,20,15,0.5,10
Exicom Tele-Systems Ltd.,27-Feb-2024,142.0,429.00,56.23,158.82,121.61,78.16,05-Mar-2024,265.00,224.95,58.42,2024,1,31.623089106508132,Other,bull,1.2,60,20,15,0.5,10
GPT Healthcare Ltd.,22-Feb-2024,186.0,525.14,7.57,11.03,2.35,6.26,29-Feb-2024,215.00,200.70,7.9,2024,1,5.8133620810448505,Other,neutral,1.2,60,20,15,0.5,10
Juniper Hotels Ltd.,21-Feb-2024,360.0,"1,800.00",1.9,0.88,1.29,1.68,28-Feb-2024,365.00,401.50,11.53,2024,1,8.600353579104702,Other,bull,1.2,60,20,15,0.5,10
Vibhor Steel Tubes Ltd.,13-Feb-2024,151.0,72.17,75.42,770.67,197.91,221.21,20-Feb-2024,425.00,446.25,195.53,2024,1,120.56715372952583,Other,bull,1.2,60,20,15,0.5,10
Entero Healthcare Solutions Ltd.,09-Feb-2024,1258.0,"1,600.00",1.53,0.21,1.32,1.31,16-Feb-2024,"1,228.70","1,149.55",-8.62,2024,0,-2.0105938438952906,Other,bear,1.2,60,20,15,0.5,10
Rashi Peripherals Ltd.,07-Feb-2024,311.0,600.00,61.02,65.97,10.98,44.25,14-Feb-2024,339.50,321.50,3.38,2024,1,-2.1050081038712727,Other,neutral,1.2,60,20,15,0.5,10
Jana Small Finance Bank Ltd.,07-Feb-2024,414.0,570.00,16.59,26.18,5.81,13.94,14-Feb-2024,396.00,368.15,-11.07,2024,0,-9.455475119745369,Finance,bear,1.2,60,20,15,0.5,10
Capital Small Finance Bank Ltd.,07-Feb-2024,468.0,523.07,3.4,4.11,2.62,3.23,14-Feb-2024,430.25,435.00,-7.05,2024,0,-2.68489419837402,Finance,bear,1.2,60,20,15,0.5,10
Apeejay Surrendra Park Hotels Ltd.,05-Feb-2024,155.0,920.00,32.47,54.14,31.25,35.19,12-Feb-2024,186.00,203.55,31.32,2024,1,20.333357852736626,Other,bull,1.2,60,20,15,0.5,10
BLS E-Services Ltd.,30-Jan-2024,135.0,309.29,49.54,298.02,226.49,94.98,06-Feb-2024,305.00,366.00,171.11,2024,1,104.21114305891815,Other,bull,1.2,60,20,15,0.5,10
Nova AgriTech Ltd.,23-Jan-2024,41.0,143.81,32.51,232.54,78.22,78.51,31-Jan-2024,55.00,57.75,40.85,2024,1,36.06819447196416,Tech,bull,1.2,60,20,15,0.5,10
EPACK Durable Ltd.,19-Jan-2024,230.0,640.05,10.89,29.06,6.44,12.06,30-Jan-2024,221.00,207.60,-9.74,2024,0,-4.1313284679205,Other,bear,1.2,60,20,15,0.5,10
Medi Assist Healthcare Services Ltd.,15-Jan-2024,418.0,"1,171.58",16.68,14.76,3.07,11.63,23-Jan-2024,460.00,464.10,11.03,2024,1,10.024696920541796,Other,bull,1.2,60,20,15,0.5,10
Jyoti CNC Automation Ltd.,09-Jan-2024,331.0,"1,000.00",19.08,38.31,26.48,22.59,16-Jan-2024,370.00,434.20,31.18,2024,1,21.570005290479607,Other,bull,1.2,60,20,15,0.5,10
Innova Captab Ltd.,21-Dec-2023,448.0,570.00,46.93,65.01,17.02,39.17,29-Dec-2023,452.10,541.40,20.85,2023,1,14.464173753917393,Other,bull,1.2,60,20,15,0.5,10
Azad Engineering Ltd.,20-Dec-2023,524.0,740.00,72.25,90.49,23.95,57.77,28-Dec-2023,720.00,677.50,29.29,2023,1,16.628192266078962,Other,bull,1.2,60,20,15,0.5,10
RBZ Jewellers Ltd.,19-Dec-2023,100.0,100.00,6.19,9.12,24.78,13.58,27-Dec-2023,100.00,105.00,5.0,2023,1,5.276907661479802,Other,neutral,1.2,60,20,15,0.5,10
Credo Brands Marketing Ltd.,19-Dec-2023,280.0,549.78,43.39,52.27,19.47,36.35,27-Dec-2023,282.35,312.20,11.5,2023,1,4.581524356387284,Other,bull,1.2,60,20,15,0.5,10
Happy Forgings Ltd.,19-Dec-2023,850.0,"1,008.59",86.32,63.14,15.02,57.89,27-Dec-2023,"1,000.00","1,030.80",21.27,2023,1,12.051544179779972,Other,bull,1.2,60,20,15,0.5,10
Muthoot Microfin Ltd.,18-Dec-2023,291.0,960.00,7.98,13.59,7.82,8.68,26-Dec-2023,275.30,266.15,-8.54,2023,0,-6.58009064348731,Other,bear,1.2,60,20,15,0.5,10
Motisons Jewellers Ltd.,18-Dec-2023,55.0,151.09,64.92,705.88,117.44,213.54,26-Dec-2023,109.00,103.55,88.27,2023,1,53.20762241815896,Other,bull,1.2,60,20,15,0.5,10
Suraj Estate Developers Ltd.,18-Dec-2023,360.0,400.00,10.92,19.89,9.54,11.78,26-Dec-2023,340.00,334.50,-7.08,2023,0,2.695975700020526,Other,bear,1.2,60,20,15,0.5,10
Inox India Ltd.,14-Dec-2023,660.0,"1,459.32",59.58,52.74,14.68,42.84,21-Dec-2023,949.65,939.95,42.42,2023,1,19.850204422224756,Other,bull,1.2,60,20,15,0.5,10
India Shelter Finance Corp.Ltd.,13-Dec-2023,493.0,"1,200.00",38.26,29.76,10.07,27.12,20-Dec-2023,620.00,544.70,10.49,2023,1,8.35278057112354,Finance,bull,1.2,60,20,15,0.5,10
DOMS Industries Ltd.,13-Dec-2023,790.0,"1,200.00",49.34,69.44,70.14,54.19,20-Dec-2023,"1,400.00","1,326.05",67.85,2023,1,35.87185238643104,Other,bull,1.2,60,20,15,0.5,10
Flair Writing Industries Ltd.,22-Nov-2023,304.0,593.00,49.32,35.58,13.37,34.68,01-Dec-2023,501.00,450.90,48.32,2023,1,27.576204402631696,Other,bull,1.2,60,20,15,0.5,10
Tata Technologies Ltd.,22-Nov-2023,500.0,"3,042.51",81.79,62.87,16.01,51.18,30-Nov-2023,"1,200.00","1,313.00",162.6,2023,1,100.82685179090208,Tech,bull,1.2,60,20,15,0.5,10
Gandhar Oil Refinery (India) Ltd.,22-Nov-2023,169.0,500.69,52.11,64.99,29.09,45.99,30-Nov-2023,298.00,301.40,78.34,2023,1,47.19684005728639,Other,bull,1.2,60,20,15,0.5,10
Fedbank Financial Services Ltd.,22-Nov-2023,140.0,"1,092.26",2.03,1.51,1.8,1.85,30-Nov-2023,138.00,140.25,0.18,2023,1,-3.1252343337879185,Finance,neutral,1.2,60,20,15,0.5,10
Indian Renewable Energy Development Agency Ltd.,21-Nov-2023,32.0,"2,150.21",42.69,22.98,7.53,27.35,29-Nov-2023,50.00,60.00,87.5,2023,1,50.354088872220096,Other,bull,1.2,60,20,15,0.5,10
ASK Automotive Ltd.,07-Nov-2023,282.0,833.91,57.55,35.43,5.55,36.03,15-Nov-2023,303.30,310.10,9.96,2023,1,8.014793246804027,Other,neutral,1.2,60,20,15,0.5,10
Protean eGov Technologies Ltd.,06-Nov-2023,792.0,489.95,19.37,31.98,8.7,17.11,13-Nov-2023,792.00,883.00,11.49,2023,1,4.70290010484859,Tech,bull,1.2,60,20,15,0.5,10
ESAF Small Finance Bank Ltd.,03-Nov-2023,60.0,463.00,73.45,88.93,17.83,54.68,10-Nov-2023,71.00,69.05,15.08,2023,1,9.697375768745925,Finance,bull,1.2,60,20,15,0.5,10
Honasa Consumer Ltd.,31-Oct-2023,324.0,"1,701.44",5.22,4.02,1.31,4.65,07-Nov-2023,330.00,337.10,4.04,2023,1,2.560715519711441,Other,neutral,1.2,60,20,15,0.5,10
Cello World Ltd.,30-Oct-2023,648.0,"1,900.00",49.78,24.45,3.17,29.5,06-Nov-2023,829.00,791.70,22.18,2023,1,11.35319895718255,Other,bull,1.2,60,20,15,0.5,10
Blue Jet Healthcare Ltd.,25-Oct-2023,346.0,840.27,6.2,13.48,2.25,5.91,01-Nov-2023,380.00,413.40,19.48,2023,1,18.11983226797598,Other,bull,1.2,60,20,15,0.5,10
IRM Energy Ltd.,18-Oct-2023,505.0,545.00,18.33,48.98,9.07,19.3,26-Oct-2023,477.25,473.15,-6.31,2023,0,-1.8842429330459658,Other,bear,1.2,60,20,15,0.5,10
Plaza Wires Ltd.,29-Sep-2023,54.0,71.28,26.2,387.25,360.04,113.74,12-Oct-2023,76.00,80.20,48.52,2023,1,23.03657224002718,Other,bull,1.2,60,20,15,0.5,10
Valiant Laboratories Ltd.,27-Sep-2023,140.0,152.46,8.78,73.74,15.72,20.95,06-Oct-2023,162.15,170.25,21.61,2023,1,13.525362944308283,Other,bull,1.2,60,20,15,0.5,10
Updater Services Ltd.,25-Sep-2023,300.0,640.00,2.44,0.87,1.39,2.1,04-Oct-2023,285.00,283.90,-5.37,2023,0,-5.207359394305164,Other,bear,1.2,60,20,15,0.5,10
JSW Infrastructure Ltd.,25-Sep-2023,119.0,"2,800.00",24.64,16.74,10.44,22.03,03-Oct-2023,143.00,157.30,32.18,2023,1,21.865300004388672,Other,bull,1.2,60,20,15,0.5,10
Manoj Vaibhav Gems 'N' Jewellers Ltd.,22-Sep-2023,215.0,270.20,1.04,5.35,1.67,1.91,03-Oct-2023,215.00,215.50,0.23,2023,1,-2.2395622152981023,Other,neutral,1.2,60,20,15,0.5,10
Yatra Online Ltd.,15-Sep-2023,142.0,775.00,1.46,0.42,2.08,1.37,28-Sep-2023,127.50,135.90,-4.3,2023,0,-2.924209324400697,Other,neutral,1.2,60,20,15,0.5,10
Sai Silks (Kalamandir) Ltd.,20-Sep-2023,222.0,"1,201.00",5.51,2.56,0.87,3.45,27-Sep-2023,231.00,244.90,10.32,2023,1,7.706961836941371,Other,bull,1.2,60,20,15,0.5,10
Signatureglobal (India) Ltd.,20-Sep-2023,385.0,730.00,6.19,14.23,6.97,7.47,27-Sep-2023,444.00,458.55,19.1,2023,1,14.057265582510365,Other,bull,1.2,60,20,15,0.5,10
SAMHI Hotels Ltd.,14-Sep-2023,126.0,"1,370.10",4.32,1.26,1.11,3.54,22-Sep-2023,134.50,143.40,13.81,2023,1,4.685110778832671,Other,bull,1.2,60,20,15,0.5,10
Zaggle Prepaid Ocean Services Ltd.,14-Sep-2023,164.0,563.38,7.45,9.13,5.94,7.55,22-Sep-2023,164.00,158.35,-3.45,2023,0,-3.073503707522845,Other,neutral,1.2,60,20,15,0.5,10
EMS Ltd.,08-Sep-2023,211.0,321.25,60.31,83.76,29.28,52.97,21-Sep-2023,282.05,279.90,32.65,2023,1,18.165164066517132,Other,bull,1.2,60,20,15,0.5,10
R R Kabel Ltd.,13-Sep-2023,1035.0,"1,964.01",21.62,12.98,2.05,13.4,20-Sep-2023,"1,180.00","1,198.05",15.75,2023,1,7.490012302278863,Other,bull,1.2,60,20,15,0.5,10
Jupiter Life Line Hospitals Ltd.,06-Sep-2023,735.0,869.08,75.72,36.44,7.66,46.01,18-Sep-2023,973.00,"1,075.75",46.36,2023,1,33.112362720843294,Other,bull,1.2,60,20,15,0.5,10
Ratnaveer Precision Engineering Ltd.,04-Sep-2023,98.0,165.03,53.61,134.18,52.84,65.42,11-Sep-2023,123.20,129.35,31.99,2023,1,20.408945132882867,Other,bull,1.2,60,20,15,0.5,10
Rishabh Instruments Ltd.,30-Aug-2023,441.0,490.78,29.51,31.39,8.16,22.32,11-Sep-2023,460.05,443.15,0.49,2023,1,-3.4886518630051353,Other,neutral,1.2,60,20,15,0.5,10
Vishnu Prakash R.Punglia Ltd.,24-Aug-2023,99.0,308.61,69.2,111.9,31.02,61.76,05-Sep-2023,165.00,145.70,47.17,2023,1,31.055585841164326,Other,bull,1.2,60,20,15,0.5,10
Aeroflex Industries Ltd.,22-Aug-2023,108.0,351.00,76.9,131.4,34.55,69.39,31-Aug-2023,190.00,163.25,51.16,2023,1,37.0624685910379,Other,bull,1.2,60,20,15,0.5,10
Pyramid Technoplast Ltd.,18-Aug-2023,166.0,153.05,4.69,32.25,14.24,14.98,29-Aug-2023,187.00,177.65,7.02,2023,1,7.30939578165344,Tech,neutral,1.2,60,20,15,0.5,10
TVS Supply Chain Solutions Ltd.,10-Aug-2023,197.0,880.00,1.16,2.38,7.53,1.98,23-Aug-2023,207.05,201.00,2.03,2023,1,-3.3401098978620407,Other,neutral,1.2,60,20,15,0.5,10
Concord Biotech Ltd.,04-Aug-2023,741.0,"1,550.52",27.62,16.94,3.7,17.64,18-Aug-2023,900.05,942.80,27.23,2023,1,14.885297781401247,Tech,bull,1.2,60,20,15,0.5,10
SBFC Finance Ltd.,03-Aug-2023,57.0,"1,025.00",82.0,52.08,11.15,52.23,16-Aug-2023,82.00,92.20,61.75,2023,1,40.85073344755987,Finance,bull,1.2,60,20,15,0.5,10
Yatharth Hospital & Trauma Care Services Ltd.,26-Jul-2023,300.0,686.55,35.04,38.54,8.38,26.24,07-Aug-2023,306.10,333.85,11.28,2023,1,4.644991603143658,Other,bull,1.2,60,20,15,0.5,10
Netweb Technologies India Ltd.,17-Jul-2023,500.0,631.00,88.64,84.21,18.74,63.41,27-Jul-2023,947.00,910.40,82.08,2023,1,50.57945828443868,Tech,bull,1.2,60,20,15,0.5,10
Utkarsh Small Finance Bank Ltd.,12-Jul-2023,25.0,500.00,54.91,88.11,76.14,61.41,21-Jul-2023,40.00,48.00,92.0,2023,1,57.523902160288,Finance,bull,1.2,60,20,15,0.5,10
Senco Gold Ltd.,04-Jul-2023,317.0,405.00,76.81,68.13,15.73,54.13,14-Jul-2023,430.00,405.30,27.85,2023,1,13.929208585265751,Other,bull,1.2,60,20,15,0.5,10
Cyient DLM Ltd.,27-Jun-2023,265.0,592.00,39.02,47.07,50.38,40.27,10-Jul-2023,403.00,420.60,58.72,2023,1,35.0534239318146,Other,bull,1.2,60,20,15,0.5,10
ideaForge Technology Ltd.,26-Jun-2023,672.0,567.24,51.13,78.41,82.03,58.23,07-Jul-2023,"1,300.00","1,294.95",92.7,2023,1,45.89619797979278,Tech,bull,1.2,60,20,15,0.5,10
HMA Agro Industries Ltd.,20-Jun-2023,585.0,480.00,1.35,3.13,0.96,1.48,04-Jul-2023,625.00,585.65,0.11,2023,1,-3.00716292400287,Other,neutral,1.2,60,20,15,0.5,10
IKIO Lighting Ltd.,06-Jun-2023,285.0,606.50,66.57,61.16,13.77,47.28,16-Jun-2023,392.50,403.85,41.7,2023,1,24.262295545820518,Other,bull,1.2,60,20,15,0.5,10
Mankind Pharma Ltd.,25-Apr-2023,1080.0,"4,326.36",20.32,3.59,0.89,11.01,09-May-2023,"1,300.00","1,080.00",0.0,2023,0,-3.7433495458945485,Pharma,neutral,1.2,60,20,15,0.5,10
Avalon Technologies Ltd.,03-Apr-2023,436.0,865.00,2.12,0.37,0.84,1.73,18-Apr-2023,436.00,398.00,-8.72,2023,0,-0.334766088205094,Tech,bear,1.2,60,20,15,0.5,10
Udayshivakumar Infra Ltd.,20-Mar-2023,35.0,66.00,40.11,64.49,14.73,32.2,03-Apr-2023,0.00,31.50,-10.0,2023,0,-10.2904241338819,Other,bear,1.2,60,20,15,0.5,10
Global Surfaces Ltd.,13-Mar-2023,140.0,154.98,4.25,33.22,4.98,8.85,23-Mar-2023,164.00,171.05,22.18,2023,1,11.98786653990905,Other,bull,1.2,60,20,15,0.5,10
Divgi TorqTransfer Systems Ltd.,01-Mar-2023,590.0,412.12,3.76,1.37,4.17,3.44,14-Mar-2023,620.00,605.20,2.58,2023,1,1.9402217318582742,Other,neutral,1.2,60,20,15,0.5,10
Sah Polymers Ltd.,30-Dec-2022,65.0,66.30,1.52,32.79,38.62,9.92,12-Jan-2023,85.0,89.25,37.31,2022,1,26.709819867198345,Other,bull,1.2,60,20,15,0.5,10
Radiant Cash Management Services Ltd.,23-Dec-2022,94.0,256.64,1.68,1.07,0.3,1.1,04-Jan-2023,103.0,104.9,11.6,2022,1,2.6524135464616814,Other,bull,1.2,60,20,15,0.5,10
Elin Electronics Ltd.,20-Dec-2022,247.0,475.00,2.53,3.35,2.26,2.56,30-Dec-2022,244.0,227.65,-7.83,2022,0,-1.2085087435351207,Other,bear,1.2,60,20,15,0.5,10
KFin Technologies Ltd.,19-Dec-2022,366.0,"1,500.00",2.41,0.12,1.38,1.96,29-Dec-2022,367.0,363.85,-0.59,2022,0,-0.32330081694123886,Tech,neutral,1.2,60,20,15,0.5,10
Landmark Cars Ltd.,13-Dec-2022,506.0,552.00,4.34,1.34,0.59,2.58,23-Dec-2022,471.0,458.4,-9.41,2022,0,-8.590525953143853,Other,bear,1.2,60,20,15,0.5,10
Abans Holdings Ltd.,12-Dec-2022,270.0,345.60,4.09,1.47,0.39,1.08,23-Dec-2022,273.0,218.4,-19.11,2022,0,-10.079689577210187,Other,bear,1.2,60,20,15,0.5,10
Sula Vineyards Ltd.,12-Dec-2022,357.0,960.35,2.33,1.45,1.58,1.93,22-Dec-2022,358.0,331.15,-7.24,2022,0,-3.74682091327959,Other,bear,1.2,60,20,15,0.5,10
Uniparts India Ltd.,30-Nov-2022,577.0,835.61,26.93,19.55,4.63,17.98,12-Dec-2022,575.0,539.65,-6.47,2022,0,-5.682650631476384,Other,bear,1.2,60,20,15,0.5,10
Dharmaj Crop Guard Ltd.,28-Nov-2022,237.0,251.09,19.61,60.64,22.62,26.69,08-Dec-2022,266.05,266.3,12.36,2022,1,7.625406254970056,Other,bull,1.2,60,20,15,0.5,10
Keystone Realtors Ltd.,14-Nov-2022,541.0,635.00,2.36,2.82,0.53,1.79,24-Nov-2022,555.0,556.85,2.93,2022,1,0.6020592094147204,Other,neutral,1.2,60,20,15,0.5,10
Inox Green Energy Services Ltd.,11-Nov-2022,65.0,740.00,1.1,0.49,4.91,1.39,23-Nov-2022,60.0,59.1,-9.08,2022,0,-5.107447964246256,Other,bear,1.2,60,20,15,0.5,10
Kaynes Technology India Ltd.,10-Nov-2022,587.0,857.82,40.45,20.67,4.21,24.76,22-Nov-2022,778.0,689.95,17.54,2022,1,12.510392023563139,Tech,bull,1.2,60,20,15,0.5,10
Five-Star Business Finance Ltd.,09-Nov-2022,474.0,"1,588.51",1.68,0.82,0.14,1.01,21-Nov-2022,468.8,490.0,3.38,2022,1,6.786050448436056,Finance,neutral,1.2,60,20,15,0.5,10
Archean Chemical Industries Ltd.,09-Nov-2022,407.0,"1,462.30",20.35,13.77,10.06,18.34,21-Nov-2022,450.0,458.15,12.57,2022,1,3.8285535035194527,Other,bull,1.2,60,20,15,0.5,10
Global Health Ltd.,03-Nov-2022,336.0,"2,205.57",12.42,3.95,0.87,7.11,16-Nov-2022,401.0,415.3,23.6,2022,1,20.5591001239688,Other,bull,1.2,60,20,15,0.5,10
Bikaji Foods International Ltd.,03-Nov-2022,300.0,880.86,30.19,7.06,4.64,17.63,16-Nov-2022,322.8,317.45,5.82,2022,1,-2.3642633985675054,Other,neutral,1.2,60,20,15,0.5,10
Fusion Micro Finance Ltd.,02-Nov-2022,368.0,"1,103.99",4.03,1.04,0.5,2.35,15-Nov-2022,359.5,324.8,-11.74,2022,0,-7.499355285106749,Finance,bear,1.2,60,20,15,0.5,10
DCX Systems Ltd.,31-Oct-2022,207.0,500.00,37.02,46.05,63.7,41.04,11-Nov-2022,286.25,308.8,49.18,2022,1,31.27295161945373,Other,bull,1.2,60,20,15,0.5,10
Tracxn Technologies Ltd.,10-Oct-2022,80.0,309.38,1.37,0.71,4.64,1.6,20-Oct-2022,84.5,93.25,16.56,2022,1,10.778975603205096,Tech,bull,1.2,60,20,15,0.5,10
Electronics Mart India Ltd.,04-Oct-2022,59.0,500.00,71.85,66.93,20.33,53.08,17-Oct-2022,90.0,84.5,43.22,2022,1,24.063901440538217,Other,bull,1.2,60,20,15,0.5,10
Harsha Engineers International Ltd.,14-Sep-2022,330.0,755.00,76.81,69.41,17.95,54.91,26-Sep-2022,450.0,486.5,47.42,2022,1,27.827633248928176,Other,bull,1.2,60,20,15,0.5,10
Tamilnad Mercantile Bank Ltd.,05-Sep-2022,510.0,807.84,1.26,2.89,6.0,1.98,15-Sep-2022,495.0,509.65,-0.07,2022,0,-1.5210028039764993,Finance,neutral,1.2,60,20,15,0.5,10
Dreamfolks Services Ltd.,24-Aug-2022,326.0,562.10,28.84,36.57,35.33,30.65,06-Sep-2022,508.7,462.4,41.84,2022,1,23.33590572916737,Other,bull,1.2,60,20,15,0.5,10
Syrma SGS Technology Ltd.,12-Aug-2022,220.0,840.13,39.83,17.68,4.37,24.1,26-Aug-2022,260.0,310.5,41.14,2022,1,27.232806291063078,Tech,bull,1.2,60,20,15,0.5,10
Aether Industries Ltd.,24-May-2022,642.0,808.04,8.34,2.48,0.59,4.72,03-Jun-2022,704.0,774.4,20.62,2022,1,13.443046457895141,Other,bull,1.2,60,20,15,0.5,10
eMudhra Ltd.,20-May-2022,256.0,412.79,2.17,0.7,1.45,1.7,01-Jun-2022,270.0,257.9,0.74,2022,1,-1.6347287857819626,Other,neutral,1.2,60,20,15,0.5,10
Ethos Ltd.,18-May-2022,878.0,402.26,1.37,1.93,0.24,1.06,30-May-2022,825.0,803.1,-8.53,2022,0,-2.419200373700247,Other,bear,1.2,60,20,15,0.5,10
Paradeep Phosphates Ltd.,17-May-2022,42.0,"1,501.73",1.99,0.67,0.86,1.39,27-May-2022,44.0,43.9,4.52,2022,1,3.6338985626298275,Other,neutral,1.2,60,20,15,0.5,10
Delhivery Ltd.,11-May-2022,487.0,"5,235.00",1.73,0.04,0.27,1.33,24-May-2022,495.2,536.35,10.13,2022,1,8.51658635651688,Other,bull,1.2,60,20,15,0.5,10
Venus Pipes & Tubes Ltd.,11-May-2022,326.0,165.42,5.36,14.76,13.33,9.56,24-May-2022,337.5,354.35,8.7,2022,1,7.108886525770837,Other,neutral,1.2,60,20,15,0.5,10
Prudent Corporate Advisory Services Ltd.,10-May-2022,630.0,428.28,1.57,0.74,0.37,1.03,20-May-2022,650.0,561.75,-10.83,2022,0,-8.984985032766218,Other,bear,1.2,60,20,15,0.5,10
Life Insurance Corp.of India,04-May-2022,949.0,"20,557.23",1.73,2.43,1.61,2.05,17-May-2022,872.0,875.25,-7.77,2022,0,-6.342543120590909,Other,bear,1.2,60,20,15,0.5,10
Rainbow Children's Medicare Ltd.,27-Apr-2022,542.0,"1,580.85",16.13,3.81,0.78,8.82,10-May-2022,510.0,450.2,-16.94,2022,0,-7.922119184630214,Other,bear,1.2,60,20,15,0.5,10
Campus Activewear Ltd.,26-Apr-2022,292.0,"1,399.77",61.38,21.54,6.22,35.95,09-May-2022,360.0,378.9,29.76,2022,1,19.687110796300395,Other,bull,1.2,60,20,15,0.5,10
Hariom Pipe Industries Ltd.,30-Mar-2022,153.0,130.05,1.87,6.8,6.94,5.37,13-Apr-2022,220.0,231.0,50.98,2022,1,30.52529521810755,Other,bull,1.2,60,20,15,0.5,10
Veranda Learning Solutions Ltd.,29-Mar-2022,137.0,200.00,1.78,3.81,4.4,2.35,11-Apr-2022,125.0,131.25,-4.2,2022,0,-2.168017850073654,Other,neutral,1.2,60,20,15,0.5,10
Uma Exports Ltd.,28-Mar-2022,68.0,60.00,2.95,1.39,5.81,4.47,07-Apr-2022,76.0,79.8,17.35,2022,1,14.242994687365275,Other,bull,1.2,60,20,15,0.5,10
Vedant Fashions Ltd.,04-Feb-2022,866.0,"3,149.19",3.61,0.81,0.16,1.99,16-Feb-2022,935.0,933.55,7.8,2022,1,2.90528583349251,Other,neutral,1.2,60,20,15,0.5,10
Adani Wilmar Ltd.,27-Jan-2022,230.0,"3,600.00",2.96,59.83,3.39,13.44,08-Feb-2022,227.0,268.25,16.63,2022,1,11.619292143510112,Other,bull,1.2,60,20,15,0.5,10
AGS Transact Technologies Ltd.,19-Jan-2022,175.0,680.00,1.76,24.6,1.88,5.23,31-Jan-2022,175.0,161.05,-7.97,2022,0,-5.388577957301682,Tech,bear,1.2,60,20,15,0.5,10
CMS Info Systems Ltd.,21-Dec-2021,216.0,"1,100.00",1.44,0.86,1.26,1.29,31-Dec-2021,220.20,238.20,10.28,2021,1,5.514956390318338,Tech,bull,1.2,60,20,15,0.5,10
Supriya Lifescience Ltd.,16-Dec-2021,274.0,700.00,13.76,162.87,49.31,39.68,28-Dec-2021,421.00,390.85,42.65,2021,1,28.88633055596157,Other,bull,1.2,60,20,15,0.5,10
HP Adhesives Ltd.,15-Dec-2021,274.0,125.96,1.32,18.21,47.27,8.45,27-Dec-2021,315.00,330.75,20.71,2021,1,14.90224904696409,Other,bull,1.2,60,20,15,0.5,10
Data Patterns (India) Ltd.,14-Dec-2021,585.0,588.22,74.99,254.89,20.21,82.8,24-Dec-2021,856.05,755.00,29.06,2021,1,19.876528908001916,Other,bull,1.2,60,20,15,0.5,10
Medplus Health Services Ltd.,13-Dec-2021,796.0,"1,398.29",46.21,86.27,4.17,37.36,23-Dec-2021,"1,040.00","1,121.15",40.85,2021,1,28.426436421462988,Other,bull,1.2,60,20,15,0.5,10
Metro Brands Ltd.,10-Dec-2021,500.0,"1,367.51",4.01,2.69,0.63,2.63,22-Dec-2021,437.00,493.35,-1.33,2021,0,-0.7349884751017229,Other,neutral,1.2,60,20,15,0.5,10
C.E.Info systems Ltd.,09-Dec-2021,1033.0,"1,039.61",79.28,423.61,13.18,107.8,21-Dec-2021,"1,565.00","1,393.65",34.91,2021,1,22.99185891388489,Tech,bull,1.2,60,20,15,0.5,10
Shriram Properties Ltd.,08-Dec-2021,118.0,600.04,1.37,2.52,8.05,2.2,20-Dec-2021,90.00,99.60,-15.59,2021,0,-10.284800269780368,Other,bear,1.2,60,20,15,0.5,10
Rategain Travel Technologies Ltd.,07-Dec-2021,425.0,"1,335.74",3.97,41.63,5.46,9.73,17-Dec-2021,360.00,340.05,-19.99,2021,0,-11.021500942534672,Tech,bear,1.2,60,20,15,0.5,10
Anand Rathi Wealth Ltd.,02-Dec-2021,550.0,659.38,1.63,24.4,5.62,6.33,14-Dec-2021,600.00,583.55,6.1,2021,1,3.269570836896946,Other,neutral,1.2,60,20,15,0.5,10
Tega Industries Ltd.,01-Dec-2021,453.0,619.23,86.54,661.87,25.84,151.6,13-Dec-2021,760.00,726.05,60.28,2021,1,36.45898789497815,Other,bull,1.2,60,20,15,0.5,10
Star Health & Allied Insurance Co.Ltd.,30-Nov-2021,900.0,"6,018.68",1.01,0.67,0.59,0.95,10-Dec-2021,845.00,906.85,0.76,2021,1,2.2414710763107406,Other,neutral,1.2,60,20,15,0.5,10
Go Fashion (India) Ltd.,17-Nov-2021,690.0,"1,013.61",40.74,259.01,42.26,73.63,30-Nov-2021,"1,310.00","1,253.70",81.7,2021,1,46.565337950299586,Other,bull,1.2,60,20,15,0.5,10
Tarsons Products Ltd.,15-Nov-2021,662.0,"1,023.54",46.9,183.36,8.89,53.86,26-Nov-2021,682.00,818.40,23.63,2021,1,20.45516182705638,Other,bull,1.2,60,20,15,0.5,10
Latent View Analytics Ltd.,10-Nov-2021,197.0,600.00,60.57,875.55,106.09,185.32,23-Nov-2021,512.20,488.75,148.1,2021,1,85.84194785550089,Other,bull,1.2,60,20,15,0.5,10
Sapphire Foods India Ltd.,09-Nov-2021,1180.0,"2,073.25",3.64,3.12,6.65,3.86,18-Nov-2021,"1,350.00","1,211.55",2.67,2021,1,-2.0405658383631966,Other,neutral,1.2,60,20,15,0.5,10
One 97 Communications Ltd.,08-Nov-2021,2150.0,"18,300.00",1.76,0.23,1.27,1.48,18-Nov-2021,"1,950.00","1,560.80",-27.4,2021,0,-12.965667379499795,Other,bear,1.2,60,20,15,0.5,10
S.J.S.Enterprises Ltd.,01-Nov-2021,542.0,800.00,1.28,1.82,0.77,1.18,15-Nov-2021,542.00,510.20,-5.87,2021,0,-1.147011918111192,Other,bear,1.2,60,20,15,0.5,10
PB Fintech Ltd.,01-Nov-2021,980.0,"5,709.71",11.61,8.02,2.65,10.17,15-Nov-2021,"1,150.00","1,202.30",22.68,2021,1,15.480359451156463,Tech,bull,1.2,60,20,15,0.5,10
Sigachi Industries Ltd.,01-Nov-2021,163.0,125.43,32.54,163.23,68.94,64.89,15-Nov-2021,570.00,598.50,267.18,2021,1,162.19303652779283,Other,bull,1.2,60,20,15,0.5,10
Fino Payments Bank Ltd.,29-Oct-2021,577.0,"1,200.29",1.26,0.15,3.78,1.34,12-Nov-2021,544.35,543.90,-5.74,2021,0,-3.480740318540744,Finance,bear,1.2,60,20,15,0.5,10
FSN E-Commerce Ventures Ltd.,28-Oct-2021,1125.0,"5,349.72",37.54,110.16,10.28,45.47,10-Nov-2021,"2,018.00","2,205.80",96.07,2021,1,54.9502368855425,Other,bull,1.2,60,20,15,0.5,10
Aditya Birla Sun Life AMC Ltd.,29-Sep-2021,712.0,"2,768.26",4.74,2.71,2.36,3.58,11-Oct-2021,715.00,699.45,-1.76,2021,0,-0.828586325418821,Other,neutral,1.2,60,20,15,0.5,10
Paras Defence & Space Technologies Ltd.,21-Sep-2021,175.0,170.78,70.75,962.89,100.8,215.09,01-Oct-2021,469.00,492.45,181.4,2021,1,106.80851486546366,Tech,bull,1.2,60,20,15,0.5,10
Sansera Engineering Ltd.,14-Sep-2021,744.0,"1,282.52",11.19,11.16,2.34,8.03,24-Sep-2021,811.50,818.55,10.02,2021,1,8.937359200253253,Other,bull,1.2,60,20,15,0.5,10
Ami Organics Ltd.,01-Sep-2021,610.0,569.64,34.65,155.84,11.3,44.66,14-Sep-2021,910.00,935.00,53.28,2021,1,31.526827855493583,Other,bull,1.2,60,20,15,0.5,10
Vijaya Diagnostic Centre Ltd.,01-Sep-2021,531.0,"1,894.43",5.84,0.88,0.7,3.29,14-Sep-2021,540.00,620.10,16.78,2021,1,7.591508409622465,Other,bull,1.2,60,20,15,0.5,10
Aptus Value Housing Finance India Ltd.,10-Aug-2021,353.0,"2,780.05",13.58,32.71,1.04,12.06,24-Aug-2021,333.00,346.90,-1.73,2021,0,-2.0021575249589803,Finance,neutral,1.2,60,20,15,0.5,10
Chemplast Sanmar Ltd.,10-Aug-2021,541.0,"3,850.00",1.72,1.02,1.64,1.61,24-Aug-2021,550.00,535.60,-1.0,2021,0,0.6387943628268734,Other,neutral,1.2,60,20,15,0.5,10
Nuvoco Vistas Corp.Ltd.,09-Aug-2021,570.0,"5,000.00",2.34,0.6,0.53,1.45,23-Aug-2021,485.00,531.70,-6.72,2021,0,-5.723173658411925,Other,bear,1.2,60,20,15,0.5,10
CarTrade Tech Ltd.,09-Aug-2021,1618.0,"2,998.51",14.73,39.85,2.3,14.15,20-Aug-2021,"1,599.80","1,501.05",-7.23,2021,0,-6.8046611866992945,Tech,bear,1.2,60,20,15,0.5,10
Exxaro Tiles Ltd.,04-Aug-2021,120.0,160.78,7.81,4.56,32.2,16.12,16-Aug-2021,126.00,132.30,10.25,2021,1,6.881061634475737,Other,bull,1.2,60,20,15,0.5,10
Krsnaa Diagnostics Ltd.,04-Aug-2021,954.0,"1,213.33",20.55,114.47,37.15,35.65,16-Aug-2021,"1,005.55",987.00,3.46,2021,1,2.8108997133261684,Other,neutral,1.2,60,20,15,0.5,10
Windlas Biotech Ltd.,04-Aug-2021,460.0,401.54,10.23,14.76,20.59,14.54,16-Aug-2021,437.00,407.15,-11.49,2021,0,-8.41482952611339,Tech,bear,1.2,60,20,15,0.5,10
Devyani International Ltd.,04-Aug-2021,90.0,"1,838.00",38.63,212.03,34.0,64.01,16-Aug-2021,140.90,123.50,37.22,2021,1,20.918885083145028,Other,bull,1.2,60,20,15,0.5,10
Rolex Rings Ltd.,28-Jul-2021,900.0,731.00,57.88,355.67,21.67,89.88,09-Aug-2021,"1,250.00","1,167.00",29.67,2021,1,18.49814981207291,Other,bull,1.2,60,20,15,0.5,10
Glenmark Life Sciences Ltd.,27-Jul-2021,720.0,"1,513.60",15.51,124.82,12.98,31.02,06-Aug-2021,750.00,748.50,3.96,2021,1,-1.9682530244919723,Other,neutral,1.2,60,20,15,0.5,10
Tatva Chintan Pharma Chem Ltd.,16-Jul-2021,1083.0,500.00,76.15,503.11,31.37,124.52,29-Jul-2021,"2,111.85","2,312.20",113.5,2021,1,63.87760867687033,Pharma,bull,1.2,60,20,15,0.5,10
Zomato Ltd.,14-Jul-2021,76.0,"9,375.00",22.53,34.44,6.34,22.58,23-Jul-2021,115.00,125.85,65.59,2021,1,37.19866733624269,Other,bull,1.2,60,20,15,0.5,10
G R Infraprojects Ltd.,07-Jul-2021,837.0,962.37,68.18,236.95,11.11,72.11,19-Jul-2021,"1,715.85","1,747.10",108.73,2021,1,64.59765854486446,Other,bull,1.2,60,20,15,0.5,10
Clean Science & Technology Ltd.,07-Jul-2021,900.0,"1,546.62",65.42,206.03,8.09,66.45,19-Jul-2021,"1,755.00","1,585.25",76.14,2021,1,46.616722696794014,Tech,bull,1.2,60,20,15,0.5,10
India Pesticides Ltd.,23-Jun-2021,296.0,800.00,18.11,52.96,9.66,20.38,05-Jul-2021,350.00,343.15,15.93,2021,1,13.984068650848656,Other,bull,1.2,60,20,15,0.5,10
Dodla Dairy Ltd.,16-Jun-2021,428.0,520.18,34.55,73.33,9.7,31.67,28-Jun-2021,550.00,609.90,42.5,2021,1,28.072978869606057,Other,bull,1.2,60,20,15,0.5,10
Krishna Institute of Medical Sciences Ltd.,16-Jun-2021,825.0,"2,143.74",2.74,1.81,2.13,2.52,28-Jun-2021,"1,009.00",996.95,20.84,2021,1,12.024184410109719,Other,bull,1.2,60,20,15,0.5,10
Shyam Metalics & Energy Ltd.,14-Jun-2021,306.0,908.80,63.52,334.48,10.0,84.58,24-Jun-2021,380.00,376.15,22.92,2021,1,13.694951376291934,Other,bull,1.2,60,20,15,0.5,10
Sona BLW Precision Forgings Ltd.,14-Jun-2021,291.0,"5,550.00",2.03,0.36,1.21,1.69,24-Jun-2021,301.00,361.20,24.12,2021,1,11.464411906086573,Other,bull,1.2,60,20,15,0.5,10
Macrotech Developers Ltd.,07-Apr-2021,486.0,"2,500.00",1.83,1.02,0.24,1.14,19-Apr-2021,436.00,465.25,-4.27,2021,0,-2.6175394079771697,Tech,neutral,1.2,60,20,15,0.5,10
Barbeque-Nation Hospitality Ltd.,24-Mar-2021,500.0,452.87,2.65,3.06,9.22,3.35,07-Apr-2021,489.85,587.80,17.56,2021,1,9.670024083239586,Other,bull,1.2,60,20,15,0.5,10
Nazara Technologies Ltd.,17-Mar-2021,1101.0,582.69,42.3,387.66,67.76,96.29,30-Mar-2021,"1,990.00","1,592.00",44.6,2021,1,27.72815568101427,Tech,bull,1.2,60,20,15,0.5,10
Kalyan Jewellers India Ltd.,16-Mar-2021,87.0,"1,174.82",1.75,1.35,2.18,1.84,26-Mar-2021,73.95,75.20,-13.56,2021,0,-10.617692830656967,Other,bear,1.2,60,20,15,0.5,10
Suryoday Small Finance Bank Ltd.,17-Mar-2021,305.0,581.98,1.47,1.18,2.35,1.7,26-Mar-2021,292.00,277.80,-8.92,2021,0,-3.7939604572764827,Finance,bear,1.2,60,20,15,0.5,10
Craftsman Automation Ltd.,15-Mar-2021,1490.0,823.70,2.7,2.27,2.73,2.64,25-Mar-2021,"1,359.00","1,435.60",-3.65,2021,0,2.408216739007733,Other,neutral,1.2,60,20,15,0.5,10
Laxmi Organic Industries Ltd.,15-Mar-2021,130.0,600.00,71.29,218.79,18.03,74.78,25-Mar-2021,155.50,164.45,26.5,2021,1,15.573719554629426,Other,bull,1.2,60,20,15,0.5,10
Anupam Rasayan India Ltd.,12-Mar-2021,555.0,760.00,27.06,97.7,9.42,31.0,24-Mar-2021,520.00,526.80,-5.08,2021,0,-1.8428648337031757,Other,bear,1.2,60,20,15,0.5,10
Easy Trip Planners Ltd.,08-Mar-2021,187.0,510.00,31.83,383.34,62.95,87.67,19-Mar-2021,212.25,208.45,11.47,2021,1,8.952431975133338,Other,bull,1.2,60,20,15,0.5,10
MTAR Technologies Ltd.,03-Mar-2021,575.0,596.41,66.64,643.47,25.3,138.7,15-Mar-2021,"1,050.00","1,082.50",88.26,2021,1,51.752338584342496,Tech,bull,1.2,60,20,15,0.5,10
Heranba Industries Ltd.,23-Feb-2021,627.0,625.24,27.59,266.77,10.52,57.49,05-Mar-2021,900.00,627.00,0.0,2021,0,0.6722774454312503,Other,neutral,1.2,60,20,15,0.5,10
RailTel Corp.of India Ltd.,16-Feb-2021,94.0,819.24,26.74,72.48,14.76,29.24,26-Feb-2021,109.00,121.35,29.1,2021,1,17.497777202345386,Other,bull,1.2,60,20,15,0.5,10
Nureca Ltd.,15-Feb-2021,400.0,100.00,1.85,30.19,140.53,19.76,25-Feb-2021,615.00,645.75,61.44,2021,1,37.15702829564649,Other,bull,1.2,60,20,15,0.5,10
Stove Kraft Ltd.,25-Jan-2021,385.0,412.62,3.86,31.64,21.05,9.75,05-Feb-2021,498.00,445.95,15.83,2021,1,7.1789706484336,Other,bull,1.2,60,20,15,0.5,10
Home First Finance Co.India Ltd.,21-Jan-2021,518.0,"1,153.72",21.91,37.68,5.76,18.62,03-Feb-2021,618.80,527.55,1.84,2021,1,1.1775305227768282,Finance,neutral,1.2,60,20,15,0.5,10
Indigo Paints Ltd.,20-Jan-2021,1490.0,"1,169.12",76.5,261.93,13.74,81.62,02-Feb-2021,"2,607.50","3,117.15",109.2,2021,1,67.01399487373635,Other,bull,1.2,60,20,15,0.5,10
Indian Railway Finance Corp.Ltd.,18-Jan-2021,26.0,"4,633.38",2.14,2.34,2.88,2.43,29-Jan-2021,24.90,24.80,-4.62,2021,0,1.581430823385125,Finance,neutral,1.2,60,20,15,0.5,10
Antony Waste Handling Cell Ltd.,21-Dec-2020,315.0,299.99,4.46,18.57,13.72,9.82,01-Jan-2021,436.10,407.35,29.32,2020,1,20.46981247825562,Other,bull,1.2,60,20,15,0.5,10
Mrs.Bectors Food Specialities Ltd.,15-Dec-2020,288.0,540.54,71.83,619.66,25.44,137.63,24-Dec-2020,500.00,594.20,106.32,2020,1,70.25154737253466,Other,bull,1.2,60,20,15,0.5,10
Burger King India Ltd.,02-Dec-2020,60.0,810.00,35.18,357.06,56.92,85.64,14-Dec-2020,112.50,135.00,125.0,2020,1,72.69795731133586,Other,bull,1.2,60,20,15,0.5,10
Gland Pharma Ltd.,09-Nov-2020,1500.0,"6,479.55",3.16,0.5,0.19,1.72,20-Nov-2020,"1,710.00","1,819.55",21.3,2020,1,15.396961910162034,Pharma,bull,1.2,60,20,15,0.5,10
Equitas Small Finance Bank Ltd.,20-Oct-2020,33.0,517.60,2.15,0.16,1.53,1.53,02-Nov-2020,31.10,32.80,-0.61,2020,0,0.1840260172150553,Finance,neutral,1.2,60,20,15,0.5,10
Likhitha Infrastructure Ltd.,29-Sep-2020,120.0,61.20,21.0,1.45,19.48,7.96,15-Oct-2020,130.00,136.50,13.75,2020,1,14.819408799653017,Other,bull,1.2,60,20,15,0.5,10
UTI Asset Management Co.Ltd.,29-Sep-2020,554.0,"2,159.88",1.96,0.58,1.97,1.75,12-Oct-2020,500.00,476.20,-14.04,2020,0,-10.848894856065453,Other,bear,1.2,60,20,15,0.5,10
Mazagon Dock Shipbuilders Ltd.,29-Sep-2020,145.0,443.69,89.87,673.67,32.15,155.51,12-Oct-2020,214.90,171.95,18.59,2020,1,8.634834473457673,Other,bull,1.2,60,20,15,0.5,10
Angel Broking Ltd.,22-Sep-2020,306.0,600.00,2.9,0.51,3.36,2.7,05-Oct-2020,275.00,275.80,-9.87,2020,0,-7.720177936332066,Other,bear,1.2,60,20,15,0.5,10
Computer Age Management Services Ltd.,21-Sep-2020,1230.0,"2,243.12",29.9,111.31,4.85,33.02,01-Oct-2020,"1,518.00","1,401.60",13.95,2020,1,1.9983128270705786,Other,bull,1.2,60,20,15,0.5,10
Chemcon Speciality Chemicals Ltd.,21-Sep-2020,340.0,318.00,44.62,445.91,35.79,101.72,01-Oct-2020,731.00,584.80,72.0,2020,1,41.62273493495771,Other,bull,1.2,60,20,15,0.5,10
Route Mobile Ltd.,09-Sep-2020,350.0,600.00,37.31,193.78,11.54,51.76,21-Sep-2020,717.00,651.30,86.09,2020,1,49.37660201533891,Other,bull,1.2,60,20,15,0.5,10
Happiest Minds Technologies Ltd.,07-Sep-2020,166.0,702.02,31.96,348.43,60.3,82.26,17-Sep-2020,350.00,370.95,123.46,2020,1,74.52718135942861,Tech,bull,1.2,60,20,15,0.5,10
Rossari Biotech Ltd.,13-Jul-2020,425.0,496.25,34.83,236.79,6.2,55.11,23-Jul-2020,669.25,741.65,74.51,2020,1,45.73126792733148,Tech,bull,1.2,60,20,15,0.5,10
SBI Cards & Payment Services Ltd.,02-Mar-2020,755.0,"10,340.79",23.41,43.42,2.17,19.21,16-Mar-2020,661.00,681.40,-9.75,2020,0,-0.22148748235234095,Other,bear,1.2,60,20,15,0.5,10
Prince Pipes & Fittings Ltd.,18-Dec-2019,178.0,500.00,2.02,0.52,1.63,1.66,30-Dec-2019,160.00,166.90,-6.24,2019,0,-0.8927284854418489,Other,bear,1.2,60,20,15,0.5,10
Ujjivan Small Finance Bank Ltd.,02-Dec-2019,37.0,745.95,46.3,473.33,45.29,99.61,12-Dec-2019,58.75,55.95,51.22,2019,1,29.00128903301279,Finance,bull,1.2,60,20,15,0.5,10
CSB Bank Ltd.,22-Nov-2019,195.0,409.68,25.52,164.27,40.98,47.88,04-Dec-2019,275.00,300.05,53.87,2019,1,29.626755985954922,Finance,bull,1.2,60,20,15,0.5,10
Vishwaraj Sugar Industries Ltd.,30-Sep-2019,60.0,60.00,1.0,1.75,0.59,1.09,15-Oct-2019,61.20,60.35,0.58,2019,1,1.8237575145195173,Other,neutral,1.2,60,20,15,0.5,10
Indian Railway Catering & Tourism Corp.Ltd.,30-Sep-2019,320.0,637.97,105.55,351.03,13.28,109.21,14-Oct-2019,626.00,727.75,127.42,2019,1,72.49130037893808,Other,bull,1.2,60,20,15,0.5,10
Sterling & Wilson Solar Ltd.,06-Aug-2019,780.0,"2,849.64",1.0,0.94,0.93,0.99,20-Aug-2019,706.00,726.20,-6.9,2019,0,1.3543762975630615,Other,bear,1.2,60,20,15,0.5,10
Spandana Sphoorty Financial Ltd.,05-Aug-2019,856.0,"1,189.85",1.89,0.49,0.09,1.05,19-Aug-2019,825.00,847.80,-0.96,2019,0,2.962320362163861,Other,neutral,1.2,60,20,15,0.5,10
Affle (India) Ltd.,29-Jul-2019,745.0,459.00,22.57,198.34,10.23,47.7,08-Aug-2019,926.00,873.65,17.27,2019,1,8.954473043685885,Other,bull,1.2,60,20,15,0.5,10
IndiaMART InterMESH Ltd.,24-Jun-2019,973.0,475.49,12.95,62.08,13.15,20.31,04-Jul-2019,"1,180.00","1,301.95",33.81,2019,1,15.146596412727368,Other,bull,1.2,60,20,15,0.5,10
Neogen Chemicals Ltd.,24-Apr-2019,215.0,132.35,12.94,114.06,15.38,28.96,08-May-2019,251.00,263.55,22.58,2019,1,17.60961712249624,Other,bull,1.2,60,20,15,0.5,10
Polycab India Ltd.,05-Apr-2019,538.0,"1,345.26",37.88,108.64,4.36,36.51,16-Apr-2019,633.00,654.80,21.71,2019,1,12.682380464242145,Other,bull,1.2,60,20,15,0.5,10
Metropolis Healthcare Ltd.,03-Apr-2019,880.0,"1,204.29",4.19,2.75,2.05,3.68,15-Apr-2019,958.00,959.85,9.07,2019,1,9.155448935920386,Other,neutral,1.2,60,20,15,0.5,10
Rail Vikas Nigam Ltd.,29-Mar-2019,19.0,476.86,1.36,0.67,2.64,1.7,11-Apr-2019,19.00,19.05,0.26,2019,1,-4.627282976383102,Other,neutral,1.2,60,20,15,0.5,10
MSTC Ltd.,13-Mar-2019,120.0,211.04,1.13,1.69,2.65,1.36,29-Mar-2019,115.00,113.95,-5.04,2019,0,-4.822125068861318,Other,bear,1.2,60,20,15,0.5,10
Chalet Hotels Ltd.,29-Jan-2019,280.0,"1,641.18",2.51,0.99,0.02,1.41,07-Feb-2019,291.00,291.70,4.18,2019,1,2.523731099154549,Other,neutral,1.2,60,20,15,0.5,10
Xelpmoc Design & Tech Ltd.,23-Jan-2019,66.0,23.00,1.68,8.21,2.31,2.72,04-Feb-2019,57.00,59.85,-9.32,2019,0,-5.451058218705773,Tech,bear,1.2,60,20,15,0.5,10
Garden Reach Shipbuilders & Engineers Ltd.,24-Sep-2018,118.0,343.59,1.81,0.3,0.21,1.01,10-Oct-2018,102.50,103.30,-12.46,2018,0,-8.826196414437732,Other,bear,1.2,60,20,15,0.5,10
Aavas Financiers Ltd.,25-Sep-2018,821.0,"1,640.32",1.76,0.14,0.2,0.97,08-Oct-2018,750.00,774.35,-5.68,2018,0,-1.5394502029575037,Other,bear,1.2,60,20,15,0.5,10
IRCON International Ltd.,17-Sep-2018,475.0,466.93,12.28,3.73,9.46,9.52,28-Sep-2018,412.00,415.30,-12.57,2018,0,-10.744861288147783,Other,bear,1.2,60,20,15,0.5,10
CreditAccess Grameen Ltd.,08-Aug-2018,422.0,"1,131.19",2.88,0.37,0.75,1.76,23-Aug-2018,390.00,422.05,0.01,2018,1,-0.4211384550638805,Other,neutral,1.2,60,20,15,0.5,10
HDFC Asset Management Co.Ltd.,25-Jul-2018,1100.0,"2,800.33",77.51,194.39,6.22,61.39,06-Aug-2018,"1,726.25","1,815.95",65.09,2018,1,39.4148868951357,Other,bull,1.2,60,20,15,0.5,10
TCNS Clothing Co.Ltd.,18-Jul-2018,716.0,"1,125.13",6.09,4.89,0.53,3.96,30-Jul-2018,716.00,659.15,-7.94,2018,0,-3.220683497823753,Other,bear,1.2,60,20,15,0.5,10
Varroc Engineering Ltd.,26-Jun-2018,967.0,"1,955.18",4.27,1.51,0.87,2.65,06-Jul-2018,"1,015.00","1,037.35",7.28,2018,1,6.502844634266669,Other,neutral,1.2,60,20,15,0.5,10
RITES Ltd.,20-Jun-2018,185.0,460.51,71.97,192.55,14.87,66.77,02-Jul-2018,190.00,213.30,15.3,2018,1,5.806073724486392,Other,bull,1.2,60,20,15,0.5,10
Fine Organic Industries Ltd.,20-Jun-2018,783.0,600.17,6.46,18.75,1.51,6.57,02-Jul-2018,815.00,822.80,5.08,2018,1,-1.5543425122068673,Other,neutral,1.2,60,20,15,0.5,10
IndoStar Capital Finance Ltd.,09-May-2018,572.0,"1,844.00",6.75,7.85,1.4,5.04,21-May-2018,600.00,586.10,2.47,2018,1,5.315030465695528,Finance,neutral,1.2,60,20,15,0.5,10
Lemon Tree Hotels Ltd.,26-Mar-2018,56.0,"1,038.68",2.18,0.11,0.1,1.14,09-Apr-2018,61.60,71.65,27.95,2018,1,17.766942035938776,Other,bull,1.2,60,20,15,0.5,10
ICICI Securities Ltd.,22-Mar-2018,520.0,"3,480.12",1.0,0.92,0.95,0.95,04-Apr-2018,435.00,445.10,-14.4,2018,0,-10.885459609669661,Other,bear,1.2,60,20,15,0.5,10
Mishra Dhatu Nigam Ltd.,21-Mar-2018,90.0,435.02,1.96,0.11,0.66,1.19,04-Apr-2018,87.00,90.05,0.06,2018,1,4.689455926567568,Other,neutral,1.2,60,20,15,0.5,10
Karda Constructions Ltd.,16-Mar-2018,180.0,77.40,1.55,0.49,1.89,1.3,02-Apr-2018,136.00,142.80,-20.67,2018,0,-12.054976097121425,Other,bear,1.2,60,20,15,0.5,10
Sandhar Technologies Ltd.,19-Mar-2018,332.0,512.48,6.43,6.18,1.3,4.59,02-Apr-2018,346.10,322.15,-2.97,2018,0,1.7558915521914793,Tech,neutral,1.2,60,20,15,0.5,10
Hindustan Aeronautics Ltd.,16-Mar-2018,1215.0,"4,063.31",1.74,0.03,0.36,0.98,28-Mar-2018,"1,152.00","1,132.85",-6.76,2018,0,-3.853444555769673,Other,bear,1.2,60,20,15,0.5,10
Bandhan Bank Ltd.,15-Mar-2018,375.0,"4,473.02",16.08,13.81,1.14,10.51,27-Mar-2018,499.00,476.85,27.16,2018,1,22.47824377464596,Finance,bull,1.2,60,20,15,0.5,10
Bharat Dynamics Ltd.,13-Mar-2018,428.0,952.25,1.5,0.44,1.33,1.26,23-Mar-2018,370.00,389.80,-8.93,2018,0,-0.09197747267038636,Other,bear,1.2,60,20,15,0.5,10
H.G.Infra Engineering Ltd.,26-Feb-2018,270.0,462.00,3.96,4.64,2.95,3.71,09-Mar-2018,270.00,267.75,-0.83,2018,0,-1.2448924454372206,Other,neutral,1.2,60,20,15,0.5,10
Aster DM Healthcare Ltd.,12-Feb-2018,190.0,980.14,1.36,0.7,1.11,1.17,26-Feb-2018,183.00,181.55,-4.45,2018,0,0.2447128528630662,Other,neutral,1.2,60,20,15,0.5,10
Galaxy Surfactants Ltd.,29-Jan-2018,1480.0,937.09,22.35,6.63,5.7,14.17,08-Feb-2018,"1,525.00","1,700.45",14.9,2018,1,10.876127848755441,Other,bull,1.2,60,20,15,0.5,10
Amber Enterprises India Ltd.,17-Jan-2018,859.0,599.60,68.59,518.3,11.09,115.1,30-Jan-2018,"1,175.00","1,245.25",44.97,2018,1,31.087894672597045,Other,bull,1.2,60,20,15,0.5,10
Newgen Software Technologies Ltd.,16-Jan-2018,245.0,424.62,6.92,5.38,4.93,5.99,29-Jan-2018,254.10,252.40,3.02,2018,1,-1.0827703817403136,Tech,neutral,1.2,60,20,15,0.5,10
Apollo Micro Systems Ltd.,10-Jan-2018,275.0,156.00,42.09,963.53,39.04,176.42,22-Jan-2018,465.00,441.75,60.64,2018,1,38.442154379995316,Other,bull,1.2,60,20,15,0.5,10
Astron Paper & Board Mill Ltd.,15-Dec-2017,50.0,69.83,102.92,394.14,74.37,240.58,29-Dec-2017,115.00,120.75,141.5,2017,1,88.07527346054876,Other,bull,1.2,60,20,15,0.5,10
Future Supply Chain Solutions Ltd.,06-Dec-2017,664.0,649.70,5.62,11.06,3.09,5.55,18-Dec-2017,664.00,686.35,3.37,2017,1,-3.254218459269343,Other,neutral,1.2,60,20,15,0.5,10
Shalby Ltd.,05-Dec-2017,248.0,504.80,2.41,0.42,2.83,2.26,15-Dec-2017,239.70,239.60,-3.39,2017,0,-5.583775537997325,Other,neutral,1.2,60,20,15,0.5,10
HDFC Standard Life Insurance Co.Ltd.,07-Nov-2017,290.0,"8,695.01",7.22,2.23,0.88,3.82,17-Nov-2017,310.00,344.60,18.83,2017,1,5.180303466719696,Other,bull,1.2,60,20,15,0.5,10
Khadim India Ltd.,02-Nov-2017,750.0,543.06,1.65,0.1,2.13,1.59,14-Nov-2017,730.00,688.85,-8.15,2017,0,-5.698220503333673,Other,bear,1.2,60,20,15,0.5,10
"New India Assurance Co.Ltd.,The",01-Nov-2017,800.0,"9,585.82",2.33,0.11,0.1,1.19,13-Nov-2017,750.00,727.10,-9.11,2017,0,-3.313373232612113,Other,bear,1.2,60,20,15,0.5,10
Mahindra Logistics Ltd.,31-Oct-2017,429.0,828.88,6.84,1.84,5.75,5.68,10-Nov-2017,429.00,429.50,0.12,2017,1,4.579071156288085,Other,neutral,1.2,60,20,15,0.5,10
Reliance Nippon Life Asset Management Ltd.,25-Oct-2017,252.0,"1,542.24",47.51,210.47,5.39,57.21,06-Nov-2017,295.90,284.40,12.86,2017,1,7.938284341259325,Other,bull,1.2,60,20,15,0.5,10
General Insurance Corp.of India,11-Oct-2017,912.0,"11,256.83",2.24,0.11,0.59,1.34,25-Oct-2017,850.00,874.30,-4.13,2017,0,2.4078466367138756,Other,neutral,1.2,60,20,15,0.5,10
Indian Energy Exchange Ltd.,09-Oct-2017,1650.0,"1,000.73",2.52,0.59,2.41,2.19,23-Oct-2017,"1,500.00","1,629.15",-1.26,2017,0,-4.896304374644674,Other,neutral,1.2,60,20,15,0.5,10
MAS Financial Services Ltd.,06-Oct-2017,459.0,460.04,60.42,380.2,15.13,91.0,18-Oct-2017,660.00,654.40,42.57,2017,1,20.431852681934533,Other,bull,1.2,60,20,15,0.5,10
Godrej Agrovet Ltd.,04-Oct-2017,460.0,"1,157.31",62.67,238.28,7.37,68.46,16-Oct-2017,615.60,595.65,29.49,2017,1,17.527356903310142,Other,bull,1.2,60,20,15,0.5,10
Prataap Snacks Ltd.,22-Sep-2017,938.0,481.60,31.8,101.01,8.02,33.59,05-Oct-2017,"1,270.00","1,180.65",25.87,2017,1,16.674196346817922,Other,bull,1.2,60,20,15,0.5,10
SBI Life Insurance Co.Ltd.,20-Sep-2017,700.0,"8,388.73",5.63,0.64,0.78,2.86,03-Oct-2017,735.00,707.55,1.08,2017,1,0.5499157557177207,Other,neutral,1.2,60,20,15,0.5,10
ICICI Lombard General Insurance Co.Ltd.,15-Sep-2017,661.0,"5,700.94",3.9,0.76,1.15,2.39,27-Sep-2017,651.10,681.20,3.06,2017,1,-4.3663263001196295,Other,neutral,1.2,60,20,15,0.5,10
Capacit'e Infraprojects Ltd.,13-Sep-2017,250.0,400.00,54.34,647.11,16.96,130.17,25-Sep-2017,399.00,342.55,37.02,2017,1,21.944639881461633,Other,bull,1.2,60,20,15,0.5,10
Matrimony.com Ltd.,11-Sep-2017,985.0,496.88,1.39,0.28,17.1,2.79,21-Sep-2017,985.00,904.65,-8.16,2017,0,-8.80940850151456,Other,bear,1.2,60,20,15,0.5,10
Dixon Technologies (India) Ltd.,06-Sep-2017,1766.0,599.28,54.5,345.43,10.03,82.58,18-Sep-2017,"2,725.00","2,891.55",63.73,2017,1,40.247017646490114,Tech,bull,1.2,60,20,15,0.5,10
Bharat Road Network Ltd.,06-Sep-2017,205.0,600.65,1.16,1.05,5.22,1.55,18-Sep-2017,205.00,208.45,1.68,2017,1,2.107794738290545,Other,neutral,1.2,60,20,15,0.5,10
Apex Frozen Foods Ltd.,22-Aug-2017,175.0,152.25,1.38,7.22,8.08,4.41,04-Sep-2017,202.00,212.10,21.2,2017,1,9.900360641017933,Other,bull,1.2,60,20,15,0.5,10
Cochin Shipyard Ltd.,01-Aug-2017,432.0,"1,442.93",63.51,287.11,7.98,75.74,11-Aug-2017,440.15,528.15,22.26,2017,1,11.814399247989918,Other,bull,1.2,60,20,15,0.5,10
Security & Intelligence Services (India) Ltd.,31-Jul-2017,815.0,779.58,2.92,1.65,18.65,4.3,10-Aug-2017,879.80,757.05,-7.11,2017,0,-7.443640565666855,Other,bear,1.2,60,20,15,0.5,10
Salasar Techno Engineering Ltd.,12-Jul-2017,108.0,35.95,,483.55,56.57,270.06,25-Jul-2017,250.00,262.50,143.06,2017,1,85.64796270818049,Tech,bull,1.2,60,20,15,0.5,10
AU Small Finance Bank Ltd.,28-Jun-2017,358.0,"1,912.51",32.11,141.91,3.35,37.82,10-Jul-2017,530.00,541.65,51.3,2017,1,33.64542696150371,Finance,bull,1.2,60,20,15,0.5,10
GTPL Hathway Ltd.,21-Jun-2017,170.0,484.80,1.21,2.8,0.93,1.35,04-Jul-2017,170.00,171.65,0.97,2017,1,-2.375178139006631,Other,neutral,1.2,60,20,15,0.5,10
Central Depository Services (India) Ltd.,19-Jun-2017,149.0,523.99,60.2,558.0,22.3,119.21,30-Jun-2017,250.00,261.60,75.57,2017,1,46.854139546553526,Other,bull,1.2,60,20,15,0.5,10
Eris Lifesciences Ltd.,16-Jun-2017,603.0,"1,740.49",2.49,0.38,3.31,2.25,29-Jun-2017,611.00,601.50,-0.25,2017,0,-1.7407728551173223,Other,neutral,1.2,60,20,15,0.5,10
Tejas Networks Ltd.,14-Jun-2017,257.0,776.69,1.53,0.19,2.92,1.47,27-Jun-2017,257.00,263.50,2.53,2017,1,-0.8606184967870325,Other,neutral,1.2,60,20,15,0.5,10
PSP Projects Ltd.,17-May-2017,210.0,211.68,4.01,9.39,6.05,5.02,29-May-2017,190.00,199.50,-5.0,2017,0,-3.3210910798636735,Other,neutral,1.2,60,20,15,0.5,10
Housing & Urban Development Corp.Ltd.,08-May-2017,60.0,"1,209.78",55.18,330.54,10.02,79.16,19-May-2017,73.00,72.55,20.92,2017,1,9.446273032741878,Other,bull,1.2,60,20,15,0.5,10
S.Chand & Co.Ltd.,26-Apr-2017,670.0,728.56,18.61,205.73,5.79,42.19,09-May-2017,700.00,676.00,0.9,2017,1,-1.120947916041546,Other,neutral,1.2,60,20,15,0.5,10
Shankara Building Products Ltd.,22-Mar-2017,460.0,345.00,20.36,89.15,14.72,28.7,05-Apr-2017,555.05,632.45,37.49,2017,1,18.900366322233452,Other,bull,1.2,60,20,15,0.5,10
CL Educate Ltd.,20-Mar-2017,502.0,238.95,2.21,0.18,1.54,1.67,31-Mar-2017,402.00,422.10,-15.92,2017,0,-3.657824601250832,Other,bear,1.2,60,20,15,0.5,10
Avenue Supermarts Ltd.,08-Mar-2017,299.0,"1,870.00",60.02,272.2,7.09,73.32,21-Mar-2017,600.00,641.60,114.58,2017,1,68.85379065591518,Other,bull,1.2,60,20,15,0.5,10
Music Broadcast Ltd.,06-Mar-2017,333.0,488.53,16.77,109.08,9.6,28.11,17-Mar-2017,413.00,372.90,11.98,2017,1,5.0888234760222435,Other,bull,1.2,60,20,15,0.5,10
BSE Ltd.,23-Jan-2017,806.0,"1,243.43",20.13,158.43,6.12,35.97,03-Feb-2017,"1,085.00","1,069.20",32.66,2017,1,20.237939732202662,Other,bull,1.2,60,20,15,0.5,10
Laurus Labs Ltd.,06-Dec-2016,428.0,"1,330.51",4.85,3.54,1.59,3.49,19-Dec-2016,489.90,480.40,12.24,2016,1,7.007015850927511,Other,bull,1.2,60,20,15,0.5,10
Sheela Foam Ltd.,29-Nov-2016,730.0,510.00,6.89,3.64,0.45,4.15,09-Dec-2016,860.00,"1,032.00",41.37,2016,1,24.159091201400333,Other,bull,1.2,60,20,15,0.5,10
Varun Beverages Ltd.,26-Oct-2016,445.0,"1,112.50",2.6,0.34,0.74,1.58,08-Nov-2016,430.00,459.50,3.26,2016,1,3.7985001001302754,Other,neutral,1.2,60,20,15,0.5,10
PNB Housing Finance Ltd.,25-Oct-2016,775.0,"3,000.00",16.06,80.25,1.34,20.4,07-Nov-2016,860.00,891.15,14.99,2016,1,11.266523130141916,Finance,bull,1.2,60,20,15,0.5,10
Endurance Technologies Ltd.,05-Oct-2016,472.0,"1,161.73",21.81,127.33,2.57,30.91,19-Oct-2016,572.00,646.90,37.06,2016,1,20.644496557168416,Tech,bull,1.2,60,20,15,0.5,10
HPL Electric & Power Ltd.,22-Sep-2016,202.0,361.00,3.37,25.45,3.55,6.74,04-Oct-2016,190.00,189.30,-6.29,2016,0,-5.50145472193404,Other,bear,1.2,60,20,15,0.5,10
ICICI Prudential Life Insurance Co.Ltd.,19-Sep-2016,334.0,"6,056.79",5.35,28.53,1.33,7.88,29-Sep-2016,330.00,297.55,-10.91,2016,0,-7.371155091454932,Other,bear,1.2,60,20,15,0.5,10
GNA Axles Ltd.,14-Sep-2016,207.0,130.41,7.51,210.72,11.31,38.08,26-Sep-2016,252.00,245.05,18.38,2016,1,4.122236505793245,Other,bull,1.2,60,20,15,0.5,10
L&T Technology Services Ltd.,12-Sep-2016,860.0,894.40,2.66,0.45,1.63,1.97,23-Sep-2016,920.00,869.00,1.05,2016,1,-3.9155731865956565,Tech,neutral,1.2,60,20,15,0.5,10
RBL Bank Ltd.,19-Aug-2016,225.0,"1,212.97",34.91,197.29,5.44,48.95,31-Aug-2016,274.20,299.40,33.07,2016,1,23.942622802333574,Finance,bull,1.2,60,20,15,0.5,10
S.P.Apparels Ltd.,02-Aug-2016,268.0,239.12,1.63,5.23,1.84,2.24,12-Aug-2016,275.00,288.75,7.74,2016,1,9.57890314050385,Other,neutral,1.2,60,20,15,0.5,10
Dilip Buildcon Ltd.,01-Aug-2016,219.0,653.98,4.7,80.83,2.29,15.28,11-Aug-2016,240.00,251.75,14.95,2016,1,8.222891881330863,Other,bull,1.2,60,20,15,0.5,10
Advanced Enzyme Technologies Ltd.,20-Jul-2016,896.0,411.49,38.6,391.88,11.12,81.54,01-Aug-2016,"1,210.00","1,178.10",31.48,2016,1,20.617670889167297,Tech,bull,1.2,60,20,15,0.5,10
Larsen & Toubro Infotech Ltd.,11-Jul-2016,710.0,"1,236.38",8.55,10.59,6.92,8.29,21-Jul-2016,667.00,697.60,-1.75,2016,0,-0.11624953636939173,Tech,neutral,1.2,60,20,15,0.5,10
Quess Corp Ltd.,29-Jun-2016,317.0,400.00,24.79,397.04,32.8,81.43,12-Jul-2016,500.00,503.10,58.71,2016,1,44.462642425365715,Other,bull,1.2,60,20,15,0.5,10
Mahanagar Gas Ltd.,21-Jun-2016,421.0,"1,038.88",31.13,181.07,6.58,44.67,01-Jul-2016,540.00,520.30,23.59,2016,1,17.51272473430373,Other,bull,1.2,60,20,15,0.5,10
Parag Milk Foods Ltd.,04-May-2016,215.0,750.54,1.14,2.89,2.01,1.49,19-May-2016,217.50,247.00,14.88,2016,1,8.5442472255577,Other,bull,1.2,60,20,15,0.5,10
Ujjivan Financial Services Ltd.,28-Apr-2016,210.0,882.50,14.4,134.88,3.8,28.76,10-May-2016,231.90,231.55,10.26,2016,1,3.289378678198722,Other,bull,1.2,60,20,15,0.5,10
Thyrocare Technologies Ltd.,27-Apr-2016,446.0,479.21,31.17,225.22,8.29,52.27,09-May-2016,665.00,618.80,38.74,2016,1,18.42466103922728,Tech,bull,1.2,60,20,15,0.5,10
Equitas Holdings Ltd.,05-Apr-2016,110.0,"2,176.68",6.62,55.84,1.34,12.14,21-Apr-2016,145.10,135.20,22.91,2016,1,14.35639090760167,Other,bull,1.2,60,20,15,0.5,10
Infibeam Incorporation Ltd.,21-Mar-2016,432.0,450.00,1.03,2.62,1.46,1.31,04-Apr-2016,453.00,445.75,3.18,2016,1,-0.36105223585291,Other,neutral,1.2,60,20,15,0.5,10
Bharat Wire Ropes Ltd.,18-Mar-2016,45.0,70.00,1.13,2.23,2.18,1.34,01-Apr-2016,47.25,45.55,1.22,2016,1,-3.534761128793022,Other,neutral,1.2,60,20,15,0.5,10
Healthcare Global Enterprises Ltd.,16-Mar-2016,218.0,649.64,1.57,0.4,0.76,1.31,30-Mar-2016,210.20,171.00,-21.56,2016,0,-14.875718652727578,Other,bear,1.2,60,20,15,0.5,10
Quick Heal Technologies Ltd.,08-Feb-2016,321.0,451.25,2.42,37.18,3.72,8.01,18-Feb-2016,305.00,253.85,-20.92,2016,0,-15.796644010843186,Tech,bear,1.2,60,20,15,0.5,10
TeamLease Services Ltd.,02-Feb-2016,850.0,423.68,12.23,190.57,10.34,38.72,12-Feb-2016,860.00,"1,032.00",21.41,2016,1,17.907424905217695,Other,bull,1.2,60,20,15,0.5,10
Precision Camshafts Ltd.,27-Jan-2016,186.0,410.19,1.72,0.39,1.87,1.57,08-Feb-2016,165.00,177.45,-4.6,2016,0,-0.11508072915164824,Other,neutral,1.2,60,20,15,0.5,10
